
INSERT INTO thr_object_category_type(
	category_type_id, category_type_code, category_type_name, note, order_seq,
	valid_from, valid_to, creation_date, created_by, last_update_date, last_updated_by, status)
	VALUES (1, 'menu', 'MENU Category', 'Only this category is displayed as menu item in EHR application.', 1,
			'2022-02-03', null, '2022-02-03', 'BYDEV', '2022-02-03', 'BYDEV', 'D');

INSERT INTO thr_object_category_type(
	category_type_id, category_type_code, category_type_name, note, order_seq,
	valid_from, valid_to, creation_date, created_by, last_update_date, last_updated_by, status)
	VALUES (2, 'regular', 'REGULAR Category', null, 1,
			'2022-02-03', null, '2022-02-03', 'BYDEV', '2022-02-03', 'BYDEV', 'D');

INSERT INTO thr_object_category_type(
	category_type_id, category_type_code, category_type_name, note, order_seq,
	valid_from, valid_to, creation_date, created_by, last_update_date, last_updated_by, status)
	VALUES (3, 'lov', 'LOV Category', 'Only this category is displayed in list of values (LOV) for classes vith INPUT_FORM = M', 1,
			'2022-02-03', null, '2022-02-03', 'BYDEV', '2022-02-03', 'BYDEV', 'D');


INSERT INTO thr_object_category_type_l(id,category_type_id,category_type_name,language_id,note,creation_date,created_by,last_update_date,last_updated_by,status) VALUES (1,1,'Menu Category','en',NULL,'2022-02-04','BYDEV','2022-02-04','BYDEV','D');
INSERT INTO thr_object_category_type_l(id,category_type_id,category_type_name,language_id,note,creation_date,created_by,last_update_date,last_updated_by,status) VALUES (2,1,'Меню категорий','ru',NULL,'2022-02-04','BYDEV','2022-02-04','BYDEV','D');
INSERT INTO thr_object_category_type_l(id,category_type_id,category_type_name,language_id,note,creation_date,created_by,last_update_date,last_updated_by,status) VALUES (3,2,'Regular Category','en',NULL,'2022-02-04','BYDEV','2022-02-04','BYDEV','D');
INSERT INTO thr_object_category_type_l(id,category_type_id,category_type_name,language_id,note,creation_date,created_by,last_update_date,last_updated_by,status) VALUES (4,2,'Обычная категория','ru',NULL,'2022-02-04','BYDEV','2022-02-04','BYDEV','D');
INSERT INTO thr_object_category_type_l(id,category_type_id,category_type_name,language_id,note,creation_date,created_by,last_update_date,last_updated_by,status) VALUES (5,3,'LOV Category','en',NULL,'2022-02-04','BYDEV','2022-02-04','BYDEV','D');
INSERT INTO thr_object_category_type_l(id,category_type_id,category_type_name,language_id,note,creation_date,created_by,last_update_date,last_updated_by,status) VALUES (6,3,'Категория ЛOВ','ru',NULL,'2022-02-04','BYDEV','2022-02-04','BYDEV','D');



INSERT INTO thr_object_items_type(item_type_id,item_type_code,item_type_name,note,order_seq,valid_from,valid_to,creation_date,created_by,last_update_date,last_updated_by,status) VALUES ('checkbox','checkbox','Checkbox',NULL,4,'2021-07-29',NULL,'2021-07-30','BYDEV','2021-07-30','BYDEV','D');
INSERT INTO thr_object_items_type(item_type_id,item_type_code,item_type_name,note,order_seq,valid_from,valid_to,creation_date,created_by,last_update_date,last_updated_by,status) VALUES ('datepicker','datepicker','Date Picker',NULL,3,'2021-07-29',NULL,'2021-07-30','BYDEV','2021-07-30','BYDEV','D');
INSERT INTO thr_object_items_type(item_type_id,item_type_code,item_type_name,note,order_seq,valid_from,valid_to,creation_date,created_by,last_update_date,last_updated_by,status) VALUES ('lov','lov','List of Values',NULL,8,'2021-07-29',NULL,'2021-07-30','BYDEV','2021-07-30','BYDEV','D');
INSERT INTO thr_object_items_type(item_type_id,item_type_code,item_type_name,note,order_seq,valid_from,valid_to,creation_date,created_by,last_update_date,last_updated_by,status) VALUES ('numberitem','numberitem','Number Item',NULL,9,'2021-10-07',NULL,'2021-10-07','BYDEV','2021-10-07','BYDEV','D');
INSERT INTO thr_object_items_type(item_type_id,item_type_code,item_type_name,note,order_seq,valid_from,valid_to,creation_date,created_by,last_update_date,last_updated_by,status) VALUES ('radiobutton','radiobutton','RadioButton',NULL,5,'2021-07-29',NULL,'2021-07-30','BYDEV','2021-07-30','BYDEV','D');
INSERT INTO thr_object_items_type(item_type_id,item_type_code,item_type_name,note,order_seq,valid_from,valid_to,creation_date,created_by,last_update_date,last_updated_by,status) VALUES ('rtf','rtf','Rich Text Formatitng',NULL,6,'2021-07-29',NULL,'2021-07-30','BYDEV','2021-07-30','BYDEV','D');
INSERT INTO thr_object_items_type(item_type_id,item_type_code,item_type_name,note,order_seq,valid_from,valid_to,creation_date,created_by,last_update_date,last_updated_by,status) VALUES ('selectlist','selectlist','Select List',NULL,7,'2021-07-29',NULL,'2021-07-30','BYDEV','2021-07-30','BYDEV','D');
INSERT INTO thr_object_items_type(item_type_id,item_type_code,item_type_name,note,order_seq,valid_from,valid_to,creation_date,created_by,last_update_date,last_updated_by,status) VALUES ('textarea','textarea','Text Area',NULL,2,'2021-07-29',NULL,'2021-07-30','BYDEV','2021-07-30','BYDEV','D');
INSERT INTO thr_object_items_type(item_type_id,item_type_code,item_type_name,note,order_seq,valid_from,valid_to,creation_date,created_by,last_update_date,last_updated_by,status) VALUES ('textitem','textitem','Text Item',NULL,1,'2021-07-29',NULL,'2021-07-30','BYDEV','2021-07-30','BYDEV','D');


INSERT INTO thr_object_items_type_l(id,item_type_id,item_type_name,language_id,note,creation_date,created_by,last_update_date,last_updated_by,status) VALUES (1,'textitem','Text Item','en',NULL,'2021-07-30','BYDEV','2021-07-30','BYDEV','D');
INSERT INTO thr_object_items_type_l(id,item_type_id,item_type_name,language_id,note,creation_date,created_by,last_update_date,last_updated_by,status) VALUES (2,'textarea','Text Area','en',NULL,'2021-07-30','BYDEV','2021-07-30','BYDEV','D');
INSERT INTO thr_object_items_type_l(id,item_type_id,item_type_name,language_id,note,creation_date,created_by,last_update_date,last_updated_by,status) VALUES (3,'datepicker','Date Picker','en',NULL,'2021-07-30','BYDEV','2021-07-30','BYDEV','D');
INSERT INTO thr_object_items_type_l(id,item_type_id,item_type_name,language_id,note,creation_date,created_by,last_update_date,last_updated_by,status) VALUES (4,'checkbox','Checkbox','en',NULL,'2021-07-30','BYDEV','2021-07-30','BYDEV','D');
INSERT INTO thr_object_items_type_l(id,item_type_id,item_type_name,language_id,note,creation_date,created_by,last_update_date,last_updated_by,status) VALUES (5,'radiobutton','RadioButton','en',NULL,'2021-07-30','BYDEV','2021-07-30','BYDEV','D');
INSERT INTO thr_object_items_type_l(id,item_type_id,item_type_name,language_id,note,creation_date,created_by,last_update_date,last_updated_by,status) VALUES (6,'rtf','Rich Text Formatitng','en',NULL,'2021-07-30','BYDEV','2021-07-30','BYDEV','D');
INSERT INTO thr_object_items_type_l(id,item_type_id,item_type_name,language_id,note,creation_date,created_by,last_update_date,last_updated_by,status) VALUES (7,'selectlist','Select List','en',NULL,'2021-07-30','BYDEV','2021-07-30','BYDEV','D');
INSERT INTO thr_object_items_type_l(id,item_type_id,item_type_name,language_id,note,creation_date,created_by,last_update_date,last_updated_by,status) VALUES (8,'lov','List of Values','en',NULL,'2021-07-30','BYDEV','2021-07-30','BYDEV','D');
INSERT INTO thr_object_items_type_l(id,item_type_id,item_type_name,language_id,note,creation_date,created_by,last_update_date,last_updated_by,status) VALUES (9,'textitem','Text Item','ru',NULL,'2021-07-30','BYDEV','2021-07-30','BYDEV','D');
INSERT INTO thr_object_items_type_l(id,item_type_id,item_type_name,language_id,note,creation_date,created_by,last_update_date,last_updated_by,status) VALUES (10,'textarea','Text Area','ru',NULL,'2021-07-30','BYDEV','2021-07-30','BYDEV','D');
INSERT INTO thr_object_items_type_l(id,item_type_id,item_type_name,language_id,note,creation_date,created_by,last_update_date,last_updated_by,status) VALUES (11,'datepicker','Date Picker','ru',NULL,'2021-07-30','BYDEV','2021-07-30','BYDEV','D');
INSERT INTO thr_object_items_type_l(id,item_type_id,item_type_name,language_id,note,creation_date,created_by,last_update_date,last_updated_by,status) VALUES (12,'checkbox','Checkbox','ru',NULL,'2021-07-30','BYDEV','2021-07-30','BYDEV','D');
INSERT INTO thr_object_items_type_l(id,item_type_id,item_type_name,language_id,note,creation_date,created_by,last_update_date,last_updated_by,status) VALUES (13,'radiobutton','RadioButton','ru',NULL,'2021-07-30','BYDEV','2021-07-30','BYDEV','D');
INSERT INTO thr_object_items_type_l(id,item_type_id,item_type_name,language_id,note,creation_date,created_by,last_update_date,last_updated_by,status) VALUES (14,'rtf','Rich Text Formatitng','ru',NULL,'2021-07-30','BYDEV','2021-07-30','BYDEV','D');
INSERT INTO thr_object_items_type_l(id,item_type_id,item_type_name,language_id,note,creation_date,created_by,last_update_date,last_updated_by,status) VALUES (15,'selectlist','Select List','ru',NULL,'2021-07-30','BYDEV','2021-07-30','BYDEV','D');
INSERT INTO thr_object_items_type_l(id,item_type_id,item_type_name,language_id,note,creation_date,created_by,last_update_date,last_updated_by,status) VALUES (16,'lov','List of Values','ru',NULL,'2021-07-30','BYDEV','2021-07-30','BYDEV','D');

INSERT INTO thr_object_class(object_class_id,object_class_code,object_class_name,note,order_seq,valid_from,valid_to,creation_date,created_by,last_update_date,last_updated_by,status,input_form) VALUES (10,10,'Documents','Documents',1,'2021-07-06',NULL,'2021-07-06','BYDEV',NULL,NULL,'D','F');
INSERT INTO thr_object_class(object_class_id,object_class_code,object_class_name,note,order_seq,valid_from,valid_to,creation_date,created_by,last_update_date,last_updated_by,status,input_form) VALUES (20,20,'Measurements','Measurements',2,'2021-07-06',NULL,'2021-07-06','BYDEV',NULL,NULL,'D','G');
INSERT INTO thr_object_class(object_class_id,object_class_code,object_class_name,note,order_seq,valid_from,valid_to,creation_date,created_by,last_update_date,last_updated_by,status,input_form) VALUES (30,30,'Decursus','Decursus',3,'2021-07-06',NULL,'2021-07-06','BYDEV',NULL,NULL,'D','D');
INSERT INTO thr_object_class(object_class_id,object_class_code,object_class_name,note,order_seq,valid_from,valid_to,creation_date,created_by,last_update_date,last_updated_by,status,input_form) VALUES (40,40,'LAB Results','LAB Results',4,'2021-07-06',NULL,'2021-07-06','BYDEV',NULL,NULL,'D','V');
INSERT INTO thr_object_class(object_class_id,object_class_code,object_class_name,note,order_seq,valid_from,valid_to,creation_date,created_by,last_update_date,last_updated_by,status,input_form) VALUES (50,50,'Dyn Doc Test','Din Doc Test',5,'2021-10-18',NULL,'2021-10-18','BYDEV',NULL,NULL,'D','F');
INSERT INTO thr_object_class(object_class_id,object_class_code,object_class_name,note,order_seq,valid_from,valid_to,creation_date,created_by,last_update_date,last_updated_by,status,input_form) VALUES (60,60,'Operational Documents','Operational Documents',6,'2021-11-22',NULL,'2021-11-22','BYDEV',NULL,NULL,'D','P');
INSERT INTO thr_object_class(object_class_id,object_class_code,object_class_name,note,order_seq,valid_from,valid_to,creation_date,created_by,last_update_date,last_updated_by,status,input_form) VALUES (70,70,'Triage','Triage',7,'2021-07-06',NULL,'2021-07-06','BYDEV',NULL,NULL,'D','P');
INSERT INTO thr_object_class(object_class_id,object_class_code,object_class_name,note,order_seq,valid_from,valid_to,creation_date,created_by,last_update_date,last_updated_by,status,input_form) VALUES (80,80,'Medical Calculators',NULL,8,'2022-02-01',NULL,'2022-02-01','BYDEV','2022-02-01','BYDEV','D','M');

INSERT INTO thr_object_class_l(id,object_class_id,object_class_name,language_id,note,creation_date,created_by,last_update_date,last_updated_by,status) VALUES (1,10,'Documents','en',NULL,'2021-07-27','BYDEV','2021-07-27','BYDEV','D');
INSERT INTO thr_object_class_l(id,object_class_id,object_class_name,language_id,note,creation_date,created_by,last_update_date,last_updated_by,status) VALUES (2,10,'Документы','ru',NULL,'2021-07-27','BYDEV','2021-07-27','BYDEV','D');
INSERT INTO thr_object_class_l(id,object_class_id,object_class_name,language_id,note,creation_date,created_by,last_update_date,last_updated_by,status) VALUES (3,20,'Measurements','en',NULL,'2021-07-27','BYDEV','2021-07-27','BYDEV','D');
INSERT INTO thr_object_class_l(id,object_class_id,object_class_name,language_id,note,creation_date,created_by,last_update_date,last_updated_by,status) VALUES (4,20,'Измерения','ru',NULL,'2021-07-27','BYDEV','2021-07-27','BYDEV','D');
INSERT INTO thr_object_class_l(id,object_class_id,object_class_name,language_id,note,creation_date,created_by,last_update_date,last_updated_by,status) VALUES (5,30,'Decursus','en',NULL,'2021-07-27','BYDEV','2021-07-27','BYDEV','D');
INSERT INTO thr_object_class_l(id,object_class_id,object_class_name,language_id,note,creation_date,created_by,last_update_date,last_updated_by,status) VALUES (6,30,'Декурсус','ru',NULL,'2021-07-27','BYDEV','2021-07-27','BYDEV','D');
INSERT INTO thr_object_class_l(id,object_class_id,object_class_name,language_id,note,creation_date,created_by,last_update_date,last_updated_by,status) VALUES (7,40,'LAB Results','en',NULL,'2021-07-27','BYDEV','2021-07-27','BYDEV','D');
INSERT INTO thr_object_class_l(id,object_class_id,object_class_name,language_id,note,creation_date,created_by,last_update_date,last_updated_by,status) VALUES (8,40,'ЛАБ Результаты','ru',NULL,'2021-07-27','BYDEV','2021-07-27','BYDEV','D');
INSERT INTO thr_object_class_l(id,object_class_id,object_class_name,language_id,note,creation_date,created_by,last_update_date,last_updated_by,status) VALUES (9,50,'Din Doc Test','en',NULL,'2021-10-18','BYDEV','2021-10-18','BYDEV','D');
INSERT INTO thr_object_class_l(id,object_class_id,object_class_name,language_id,note,creation_date,created_by,last_update_date,last_updated_by,status) VALUES (10,50,'Дiн Док Тест','ru',NULL,'2021-10-18','BYDEV','2021-10-18','BYDEV','D');
INSERT INTO thr_object_class_l(id,object_class_id,object_class_name,language_id,note,creation_date,created_by,last_update_date,last_updated_by,status) VALUES (11,60,'Operational documents','en',NULL,'2021-11-22','BYDEV','2021-11-22','BYDEV','D');
INSERT INTO thr_object_class_l(id,object_class_id,object_class_name,language_id,note,creation_date,created_by,last_update_date,last_updated_by,status) VALUES (12,60,'Оперативные документы','ru',NULL,'2021-11-22','BYDEV','2021-11-22','BYDEV','D');
INSERT INTO thr_object_class_l(id,object_class_id,object_class_name,language_id,note,creation_date,created_by,last_update_date,last_updated_by,status) VALUES (15,80,'Medical Calculators','en',NULL,'2022-02-01','BYDEV','2022-02-01','BYDEV','D');
INSERT INTO thr_object_class_l(id,object_class_id,object_class_name,language_id,note,creation_date,created_by,last_update_date,last_updated_by,status) VALUES (16,80,'Медицинские калькуляторы','ru',NULL,'2022-02-01','BYDEV','2022-02-01','BYDEV','D');
INSERT INTO thr_object_class_l(id,object_class_id,object_class_name,language_id,note,creation_date,created_by,last_update_date,last_updated_by,status) VALUES (13,70,'Triage','en',NULL,'2021-11-23','BYDEV','2021-11-23','BYDEV','D');
INSERT INTO thr_object_class_l(id,object_class_id,object_class_name,language_id,note,creation_date,created_by,last_update_date,last_updated_by,status) VALUES (14,70,'Сортировка','ru',NULL,'2021-11-23','BYDEV','2021-11-23','BYDEV','D');


INSERT INTO thr_object_category(object_category_id,object_category_code,object_category_name,object_class_id,note,order_seq,valid_from,valid_to,creation_date,created_by,last_update_date,last_updated_by,status,composition_code,is_parent,category_type_id,permission_code) VALUES (10,'speciailistic-finding','Specialistic finding',10,NULL,1,'2021-07-06',NULL,'2021-07-06','BYDEV',NULL,NULL,'D','81222-2','N',1,'SPECIALISTIC_FINDING');
INSERT INTO thr_object_category(object_category_id,object_category_code,object_category_name,object_class_id,note,order_seq,valid_from,valid_to,creation_date,created_by,last_update_date,last_updated_by,status,composition_code,is_parent,category_type_id,permission_code) VALUES (20,'laboratory','Laboratory',10,NULL,2,'2021-07-07',NULL,'2021-07-07','BYDEV',NULL,NULL,'D','81222-2','N',1,'LABORATORY');
INSERT INTO thr_object_category(object_category_id,object_category_code,object_category_name,object_class_id,note,order_seq,valid_from,valid_to,creation_date,created_by,last_update_date,last_updated_by,status,composition_code,is_parent,category_type_id,permission_code) VALUES (30,'imaging','Imaging',10,NULL,3,'2021-07-07',NULL,'2021-07-07','BYDEV',NULL,NULL,'D','81220-6','N',1,'IMAGING');
INSERT INTO thr_object_category(object_category_id,object_category_code,object_category_name,object_class_id,note,order_seq,valid_from,valid_to,creation_date,created_by,last_update_date,last_updated_by,status,composition_code,is_parent,category_type_id,permission_code) VALUES (40,'discharge-letter','Discharge Letter',10,NULL,4,'2021-07-07',NULL,'2021-07-07','BYDEV',NULL,NULL,'D','81218-0','N',1,'DISCHARGE_LETTER');
INSERT INTO thr_object_category(object_category_id,object_category_code,object_category_name,object_class_id,note,order_seq,valid_from,valid_to,creation_date,created_by,last_update_date,last_updated_by,status,composition_code,is_parent,category_type_id,permission_code) VALUES (50,'measure-vital','Measurements - Vital',20,NULL,1,'2021-07-07',NULL,'2021-07-07','BYDEV',NULL,NULL,'D',NULL,'N',1,'MEASURE_VITAL');
INSERT INTO thr_object_category(object_category_id,object_category_code,object_category_name,object_class_id,note,order_seq,valid_from,valid_to,creation_date,created_by,last_update_date,last_updated_by,status,composition_code,is_parent,category_type_id,permission_code) VALUES (60,'measure-other','Measurements - Other',20,NULL,2,'2021-07-07',NULL,'2021-07-07','BYDEV',NULL,NULL,'D',NULL,'N',1,'MEASURE_OTHER');
INSERT INTO thr_object_category(object_category_id,object_category_code,object_category_name,object_class_id,note,order_seq,valid_from,valid_to,creation_date,created_by,last_update_date,last_updated_by,status,composition_code,is_parent,category_type_id,permission_code) VALUES (70,'decursus','Decursus',30,NULL,1,'2021-07-07',NULL,'2021-07-07','BYDEV',NULL,NULL,'D',NULL,'N',1,'DECURSUS');
INSERT INTO thr_object_category(object_category_id,object_category_code,object_category_name,object_class_id,note,order_seq,valid_from,valid_to,creation_date,created_by,last_update_date,last_updated_by,status,composition_code,is_parent,category_type_id,permission_code) VALUES (80,'labresults','LAB results',40,NULL,1,'2021-07-07',NULL,'2021-07-07','BYDEV',NULL,NULL,'D',NULL,'N',1,'LABRESULTS');
INSERT INTO thr_object_category(object_category_id,object_category_code,object_category_name,object_class_id,note,order_seq,valid_from,valid_to,creation_date,created_by,last_update_date,last_updated_by,status,composition_code,is_parent,category_type_id,permission_code) VALUES (90,'epicrisis','Epicrisis',10,NULL,5,'2021-10-12',NULL,'2021-10-12','BYDEV','2021-10-12','BYDEV','D',NULL,'N',1,'EPICRISIS');
INSERT INTO thr_object_category(object_category_id,object_category_code,object_category_name,object_class_id,note,order_seq,valid_from,valid_to,creation_date,created_by,last_update_date,last_updated_by,status,composition_code,is_parent,category_type_id,permission_code) VALUES (100,'gp-finding','GP finding',10,NULL,7,'2021-10-13',NULL,'2021-10-13','BYDEV',NULL,NULL,'D','81222-2','N',1,'GP_FINDING');
INSERT INTO thr_object_category(object_category_id,object_category_code,object_category_name,object_class_id,note,order_seq,valid_from,valid_to,creation_date,created_by,last_update_date,last_updated_by,status,composition_code,is_parent,category_type_id,permission_code) VALUES (110,'diagnostic-finding','Diagnostic finding',10,NULL,8,'2021-10-17',NULL,'2021-10-17','BYDEV',NULL,NULL,'D','81222-2','N',1,'DIAGNOSTIC_FINDING');
INSERT INTO thr_object_category(object_category_id,object_category_code,object_category_name,object_class_id,note,order_seq,valid_from,valid_to,creation_date,created_by,last_update_date,last_updated_by,status,composition_code,is_parent,category_type_id,permission_code) VALUES (120,'test-document','Test Document',10,NULL,9,'2021-10-19',NULL,'2021-10-19','BYDEV',NULL,NULL,'D','81222-2','N',1,'TEST-DOCUMENT');
INSERT INTO thr_object_category(object_category_id,object_category_code,object_category_name,object_class_id,note,order_seq,valid_from,valid_to,creation_date,created_by,last_update_date,last_updated_by,status,composition_code,is_parent,category_type_id,permission_code) VALUES (130,'surgery-log','Surgery Log',60,NULL,1,'2021-11-22',NULL,'2021-11-22','BYDEV',NULL,NULL,'D',NULL,'N',1,'SURGERY_LOG');
INSERT INTO thr_object_category(object_category_id,object_category_code,object_category_name,object_class_id,note,order_seq,valid_from,valid_to,creation_date,created_by,last_update_date,last_updated_by,status,composition_code,is_parent,category_type_id,permission_code) VALUES (140,'triage','Triage',70,NULL,1,'2021-07-07',NULL,'2021-07-07','BYDEV',NULL,NULL,'D',NULL,NULL,1,'TRIAGE');
INSERT INTO thr_object_category(object_category_id,object_category_code,object_category_name,object_class_id,note,order_seq,valid_from,valid_to,creation_date,created_by,last_update_date,last_updated_by,status,composition_code,is_parent,category_type_id,permission_code) VALUES (150,'peca','Glasgow Coma Scale',80,'This calculator determines the severity of brain injury/damage in neonates.',1,'2022-01-21',NULL,'2022-01-21','BYDEV',NULL,NULL,'D',NULL,'N',3,'PECA');
INSERT INTO thr_object_category(object_category_id,object_category_code,object_category_name,object_class_id,note,order_seq,valid_from,valid_to,creation_date,created_by,last_update_date,last_updated_by,status,composition_code,is_parent,category_type_id,permission_code) VALUES (160,'therapist-report','Therapist report',10,NULL,5,'2021-07-07',NULL,'2021-07-07','BYDEV',NULL,NULL,'D','81222-2','N',1,'THERAPIST_REPORT');
INSERT INTO thr_object_category(object_category_id,object_category_code,object_category_name,object_class_id,note,order_seq,valid_from,valid_to,creation_date,created_by,last_update_date,last_updated_by,status,composition_code,is_parent,category_type_id,permission_code) VALUES (170,'grow','Growth Percentiles',80,'This determines the percentile which a patient falls within for the input measurements described below.',2,'2022-01-21',NULL,'2022-01-21','BYDEV',NULL,NULL,'D',NULL,'N',3,'GROW');
INSERT INTO thr_object_category(object_category_id,object_category_code,object_category_name,object_class_id,note,order_seq,valid_from,valid_to,creation_date,created_by,last_update_date,last_updated_by,status,composition_code,is_parent,category_type_id,permission_code) VALUES (180,'eaag','Estimated A-a Gradient Age Adjusted',80,'This calculates the age-adjusted alveolar-arterial O2 gradient to help determine the type of respiratory support for a patient.',2,'2022-01-21',NULL,'2022-01-21','BYDEV',NULL,NULL,'D',NULL,'N',3,'EAAG');
INSERT INTO thr_object_category(object_category_id,object_category_code,object_category_name,object_class_id,note,order_seq,valid_from,valid_to,creation_date,created_by,last_update_date,last_updated_by,status,composition_code,is_parent,category_type_id,permission_code) VALUES (190,'med-calc','Medical Calculators',80,NULL,1,'2022-01-21',NULL,'2022-01-21','BYDEV',NULL,NULL,'D',NULL,'N',1,'MED-CALC');
INSERT INTO thr_object_category(object_category_id,object_category_code,object_category_name,object_class_id,note,order_seq,valid_from,valid_to,creation_date,created_by,last_update_date,last_updated_by,status,composition_code,is_parent,category_type_id,permission_code) VALUES (200,'triage-measurements','Triage measurements',20,NULL,1,'2022-02-08',NULL,'2022-02-08','BYDEV',NULL,NULL,'D',NULL,'N',1,'TRIAGE_MEASUREMENTS');
INSERT INTO thr_object_category_l(id,object_category_id,object_category_name,language_id,note,creation_date,created_by,last_update_date,last_updated_by,status) VALUES (1,10,'Specialistic finding','en',NULL,'2021-07-06','BYDEV',NULL,NULL,'D');
INSERT INTO thr_object_category_l(id,object_category_id,object_category_name,language_id,note,creation_date,created_by,last_update_date,last_updated_by,status) VALUES (2,20,'Laboratory','en',NULL,'2021-07-07','BYDEV',NULL,NULL,'D');
INSERT INTO thr_object_category_l(id,object_category_id,object_category_name,language_id,note,creation_date,created_by,last_update_date,last_updated_by,status) VALUES (3,30,'Imaging','en',NULL,'2021-07-07','BYDEV',NULL,NULL,'D');
INSERT INTO thr_object_category_l(id,object_category_id,object_category_name,language_id,note,creation_date,created_by,last_update_date,last_updated_by,status) VALUES (4,40,'Discharge Letter','en',NULL,'2021-07-07','BYDEV',NULL,NULL,'D');
INSERT INTO thr_object_category_l(id,object_category_id,object_category_name,language_id,note,creation_date,created_by,last_update_date,last_updated_by,status) VALUES (5,50,'Measurements - Vital','en',NULL,'2021-07-07','BYDEV',NULL,NULL,'D');
INSERT INTO thr_object_category_l(id,object_category_id,object_category_name,language_id,note,creation_date,created_by,last_update_date,last_updated_by,status) VALUES (6,60,'Measurements - Other','en',NULL,'2021-07-07','BYDEV',NULL,NULL,'D');
INSERT INTO thr_object_category_l(id,object_category_id,object_category_name,language_id,note,creation_date,created_by,last_update_date,last_updated_by,status) VALUES (7,40,'Выписка эпикриз','ru',NULL,'2021-07-07','BYDEV',NULL,NULL,'D');
INSERT INTO thr_object_category_l(id,object_category_id,object_category_name,language_id,note,creation_date,created_by,last_update_date,last_updated_by,status) VALUES (8,20,'Лаборатория','ru',NULL,'2021-07-07','BYDEV',NULL,NULL,'D');
INSERT INTO thr_object_category_l(id,object_category_id,object_category_name,language_id,note,creation_date,created_by,last_update_date,last_updated_by,status) VALUES (9,30,'Изображений','ru',NULL,'2021-07-07','BYDEV',NULL,NULL,'D');
INSERT INTO thr_object_category_l(id,object_category_id,object_category_name,language_id,note,creation_date,created_by,last_update_date,last_updated_by,status) VALUES (10,50,'Измерения - Жизненно важные','ru',NULL,'2021-07-07','BYDEV',NULL,NULL,'D');
INSERT INTO thr_object_category_l(id,object_category_id,object_category_name,language_id,note,creation_date,created_by,last_update_date,last_updated_by,status) VALUES (11,60,'Измерения - Другие','ru',NULL,'2021-07-07','BYDEV',NULL,NULL,'D');
INSERT INTO thr_object_category_l(id,object_category_id,object_category_name,language_id,note,creation_date,created_by,last_update_date,last_updated_by,status) VALUES (12,10,'Kонсультационное заключение','ru',NULL,'2021-07-06','BYDEV',NULL,NULL,'D');
INSERT INTO thr_object_category_l(id,object_category_id,object_category_name,language_id,note,creation_date,created_by,last_update_date,last_updated_by,status) VALUES (13,70,'Decursus','en',NULL,'2021-07-07','BYDEV',NULL,NULL,'D');
INSERT INTO thr_object_category_l(id,object_category_id,object_category_name,language_id,note,creation_date,created_by,last_update_date,last_updated_by,status) VALUES (14,70,'Декурсус','ru',NULL,'2021-07-06','BYDEV',NULL,NULL,'D');
INSERT INTO thr_object_category_l(id,object_category_id,object_category_name,language_id,note,creation_date,created_by,last_update_date,last_updated_by,status) VALUES (15,80,'LAB Results','en',NULL,'2021-07-07','BYDEV',NULL,NULL,'D');
INSERT INTO thr_object_category_l(id,object_category_id,object_category_name,language_id,note,creation_date,created_by,last_update_date,last_updated_by,status) VALUES (16,80,'ЛАБ Результаты','ru',NULL,'2021-07-06','BYDEV',NULL,NULL,'D');
INSERT INTO thr_object_category_l(id,object_category_id,object_category_name,language_id,note,creation_date,created_by,last_update_date,last_updated_by,status) VALUES (17,90,'Epicrisis','en',NULL,'2021-10-07','BYDEV','2021-10-07','BYDEV','D');
INSERT INTO thr_object_category_l(id,object_category_id,object_category_name,language_id,note,creation_date,created_by,last_update_date,last_updated_by,status) VALUES (18,90,'Эпикриз','ru',NULL,'2021-10-07','BYDEV','2021-10-07','BYDEV','D');
INSERT INTO thr_object_category_l(id,object_category_id,object_category_name,language_id,note,creation_date,created_by,last_update_date,last_updated_by,status) VALUES (19,100,'GP finding','en',NULL,'2021-10-13','BYDEV',NULL,NULL,'D');
INSERT INTO thr_object_category_l(id,object_category_id,object_category_name,language_id,note,creation_date,created_by,last_update_date,last_updated_by,status) VALUES (20,100,'ОП выводы','ru',NULL,'2021-10-13','BYDEV',NULL,NULL,'D');
INSERT INTO thr_object_category_l(id,object_category_id,object_category_name,language_id,note,creation_date,created_by,last_update_date,last_updated_by,status) VALUES (21,110,'Diagnostic finding','en',NULL,'2021-10-17','BYDEV',NULL,NULL,'D');
INSERT INTO thr_object_category_l(id,object_category_id,object_category_name,language_id,note,creation_date,created_by,last_update_date,last_updated_by,status) VALUES (22,110,'Диагностический вывод','ru',NULL,'2021-10-17','BYDEV',NULL,NULL,'D');
INSERT INTO thr_object_category_l(id,object_category_id,object_category_name,language_id,note,creation_date,created_by,last_update_date,last_updated_by,status) VALUES (23,120,'Test Document','en',NULL,'2021-10-18','BYDEV',NULL,NULL,'D');
INSERT INTO thr_object_category_l(id,object_category_id,object_category_name,language_id,note,creation_date,created_by,last_update_date,last_updated_by,status) VALUES (24,120,'Тестовый Документ','ru',NULL,'2021-10-18','BYDEV',NULL,NULL,'D');
INSERT INTO thr_object_category_l(id,object_category_id,object_category_name,language_id,note,creation_date,created_by,last_update_date,last_updated_by,status) VALUES (26,130,'Журнал операций','ru',NULL,'2021-11-22','BYDEV',NULL,NULL,'D');
INSERT INTO thr_object_category_l(id,object_category_id,object_category_name,language_id,note,creation_date,created_by,last_update_date,last_updated_by,status) VALUES (25,130,'Surgery Log','en',NULL,'2021-11-22','BYDEV',NULL,NULL,'D');
INSERT INTO thr_object_category_l(id,object_category_id,object_category_name,language_id,note,creation_date,created_by,last_update_date,last_updated_by,status) VALUES (27,140,'Triage','en',NULL,'2021-10-07','BYDEV','2021-10-07','BYDEV','D');
INSERT INTO thr_object_category_l(id,object_category_id,object_category_name,language_id,note,creation_date,created_by,last_update_date,last_updated_by,status) VALUES (28,140,'Сортировка','ru',NULL,'2021-10-07','BYDEV','2021-10-07','BYDEV','D');
INSERT INTO thr_object_category_l(id,object_category_id,object_category_name,language_id,note,creation_date,created_by,last_update_date,last_updated_by,status) VALUES (29,150,'Glasgow Coma Scale','en',NULL,'2022-01-21','BYDEV',NULL,NULL,'D');
INSERT INTO thr_object_category_l(id,object_category_id,object_category_name,language_id,note,creation_date,created_by,last_update_date,last_updated_by,status) VALUES (30,150,'Шкала комы Глазго','ru',NULL,'2022-01-21','BYDEV',NULL,NULL,'D');
INSERT INTO thr_object_category_l(id,object_category_id,object_category_name,language_id,note,creation_date,created_by,last_update_date,last_updated_by,status) VALUES (31,170,'Growth Percentiles','en',NULL,'2022-01-21','BYDEV',NULL,NULL,'D');
INSERT INTO thr_object_category_l(id,object_category_id,object_category_name,language_id,note,creation_date,created_by,last_update_date,last_updated_by,status) VALUES (32,170,'Процентили роста','ru',NULL,'2022-01-21','BYDEV',NULL,NULL,'D');
INSERT INTO thr_object_category_l(id,object_category_id,object_category_name,language_id,note,creation_date,created_by,last_update_date,last_updated_by,status) VALUES (33,180,'Estimated A-a Gradient Age Adjusted','en',NULL,'2022-01-21','BYDEV',NULL,NULL,'D');
INSERT INTO thr_object_category_l(id,object_category_id,object_category_name,language_id,note,creation_date,created_by,last_update_date,last_updated_by,status) VALUES (34,180,'Предполагаемый Градиент A-a С Поправкой на возраст','ru',NULL,'2022-01-21','BYDEV',NULL,NULL,'D');
INSERT INTO thr_object_category_l(id,object_category_id,object_category_name,language_id,note,creation_date,created_by,last_update_date,last_updated_by,status) VALUES (35,190,'Medical Calculators','en',NULL,'2022-01-21','BYDEV',NULL,NULL,'D');
INSERT INTO thr_object_category_l(id,object_category_id,object_category_name,language_id,note,creation_date,created_by,last_update_date,last_updated_by,status) VALUES (36,190,'Медицинские калькуляторы','ru',NULL,'2022-01-21','BYDEV',NULL,NULL,'D');
INSERT INTO thr_object_category_l(id,object_category_id,object_category_name,language_id,note,creation_date,created_by,last_update_date,last_updated_by,status) VALUES (37,200,'Triage measurements','en',NULL,'2022-02-15','BYDEV',NULL,NULL,'D');
INSERT INTO thr_object_category_l(id,object_category_id,object_category_name,language_id,note,creation_date,created_by,last_update_date,last_updated_by,status) VALUES (38,200,'Измерения сортировки','ru',NULL,'2022-02-15','BYDEV',NULL,NULL,'D');
INSERT INTO thr_object_category_l(id,object_category_id,object_category_name,language_id,note,creation_date,created_by,last_update_date,last_updated_by,status) VALUES (39,160,'Therapist report','en',NULL,'2022-02-15','BYDEV',NULL,NULL,'D');
INSERT INTO thr_object_category_l(id,object_category_id,object_category_name,language_id,note,creation_date,created_by,last_update_date,last_updated_by,status) VALUES (40,160,'Отчет терапевта','ru',NULL,'2022-02-15','BYDEV',NULL,NULL,'D');


INSERT INTO thr_object_type(object_type_id,object_type_code,object_type_name,object_class_id,note,order_seq,valid_from,valid_to,creation_date,created_by,last_update_date,last_updated_by,status) VALUES (10,'100200','Status',10,NULL,2,'2021-07-27',NULL,'2021-07-06','BYDEV',NULL,NULL,'D');
INSERT INTO thr_object_type(object_type_id,object_type_code,object_type_name,object_class_id,note,order_seq,valid_from,valid_to,creation_date,created_by,last_update_date,last_updated_by,status) VALUES (20,'100211','Anamnesis',10,NULL,1,'2021-07-27',NULL,'2021-07-07','BYDEV',NULL,NULL,'D');
INSERT INTO thr_object_type(object_type_id,object_type_code,object_type_name,object_class_id,note,order_seq,valid_from,valid_to,creation_date,created_by,last_update_date,last_updated_by,status) VALUES (30,'100300','Conclusion',10,NULL,3,'2021-07-27',NULL,'2021-07-07','BYDEV',NULL,NULL,'D');
INSERT INTO thr_object_type(object_type_id,object_type_code,object_type_name,object_class_id,note,order_seq,valid_from,valid_to,creation_date,created_by,last_update_date,last_updated_by,status) VALUES (41,'100100','Text Item',50,NULL,1,'2021-10-19',NULL,'2021-10-19','BYDEV',NULL,NULL,'D');
INSERT INTO thr_object_type(object_type_id,object_type_code,object_type_name,object_class_id,note,order_seq,valid_from,valid_to,creation_date,created_by,last_update_date,last_updated_by,status) VALUES (42,'100102','Predefined Text Item',50,NULL,2,'2021-10-19',NULL,'2021-10-19','BYDEV',NULL,NULL,'D');
INSERT INTO thr_object_type(object_type_id,object_type_code,object_type_name,object_class_id,note,order_seq,valid_from,valid_to,creation_date,created_by,last_update_date,last_updated_by,status) VALUES (43,'100103','Text Area',50,NULL,3,'2021-10-19',NULL,'2021-10-19','BYDEV',NULL,NULL,'D');
INSERT INTO thr_object_type(object_type_id,object_type_code,object_type_name,object_class_id,note,order_seq,valid_from,valid_to,creation_date,created_by,last_update_date,last_updated_by,status) VALUES (44,'100104','Predefined Text Area',50,NULL,4,'2021-10-19',NULL,'2021-10-19','BYDEV',NULL,NULL,'D');
INSERT INTO thr_object_type(object_type_id,object_type_code,object_type_name,object_class_id,note,order_seq,valid_from,valid_to,creation_date,created_by,last_update_date,last_updated_by,status) VALUES (45,'100105','Date Picker',50,NULL,5,'2021-10-19',NULL,'2021-10-19','BYDEV',NULL,NULL,'D');
INSERT INTO thr_object_type(object_type_id,object_type_code,object_type_name,object_class_id,note,order_seq,valid_from,valid_to,creation_date,created_by,last_update_date,last_updated_by,status) VALUES (46,'100106','Predefined Date Picker',50,NULL,6,'2021-10-19',NULL,'2021-10-19','BYDEV',NULL,NULL,'D');
INSERT INTO thr_object_type(object_type_id,object_type_code,object_type_name,object_class_id,note,order_seq,valid_from,valid_to,creation_date,created_by,last_update_date,last_updated_by,status) VALUES (47,'100107','Check Box',50,NULL,7,'2021-10-19',NULL,'2021-10-19','BYDEV',NULL,NULL,'D');
INSERT INTO thr_object_type(object_type_id,object_type_code,object_type_name,object_class_id,note,order_seq,valid_from,valid_to,creation_date,created_by,last_update_date,last_updated_by,status) VALUES (48,'100108','Active Check Box',50,NULL,8,'2021-10-19',NULL,'2021-10-19','BYDEV',NULL,NULL,'D');
INSERT INTO thr_object_type(object_type_id,object_type_code,object_type_name,object_class_id,note,order_seq,valid_from,valid_to,creation_date,created_by,last_update_date,last_updated_by,status) VALUES (49,'100109','Radio Button',50,NULL,9,'2021-10-19',NULL,'2021-10-19','BYDEV',NULL,NULL,'D');
INSERT INTO thr_object_type(object_type_id,object_type_code,object_type_name,object_class_id,note,order_seq,valid_from,valid_to,creation_date,created_by,last_update_date,last_updated_by,status) VALUES (51,'100111','Active Radio Button',50,NULL,10,'2021-10-19',NULL,'2021-10-19','BYDEV',NULL,NULL,'D');
INSERT INTO thr_object_type(object_type_id,object_type_code,object_type_name,object_class_id,note,order_seq,valid_from,valid_to,creation_date,created_by,last_update_date,last_updated_by,status) VALUES (52,'100112','Select List',50,NULL,11,'2021-10-19',NULL,'2021-10-19','BYDEV',NULL,NULL,'D');
INSERT INTO thr_object_type(object_type_id,object_type_code,object_type_name,object_class_id,note,order_seq,valid_from,valid_to,creation_date,created_by,last_update_date,last_updated_by,status) VALUES (53,'100113','Predefined Select List',50,NULL,12,'2021-10-19',NULL,'2021-10-19','BYDEV',NULL,NULL,'D');
INSERT INTO thr_object_type(object_type_id,object_type_code,object_type_name,object_class_id,note,order_seq,valid_from,valid_to,creation_date,created_by,last_update_date,last_updated_by,status) VALUES (54,'100114','LOV',50,NULL,13,'2021-10-19',NULL,'2021-10-19','BYDEV',NULL,NULL,'D');
INSERT INTO thr_object_type(object_type_id,object_type_code,object_type_name,object_class_id,note,order_seq,valid_from,valid_to,creation_date,created_by,last_update_date,last_updated_by,status) VALUES (55,'100115','Predefined LOV',50,NULL,14,'2021-10-19',NULL,'2021-10-19','BYDEV',NULL,NULL,'D');
INSERT INTO thr_object_type(object_type_id,object_type_code,object_type_name,object_class_id,note,order_seq,valid_from,valid_to,creation_date,created_by,last_update_date,last_updated_by,status) VALUES (56,'100116','Number',50,NULL,15,'2021-10-19',NULL,'2021-10-19','BYDEV',NULL,NULL,'D');
INSERT INTO thr_object_type(object_type_id,object_type_code,object_type_name,object_class_id,note,order_seq,valid_from,valid_to,creation_date,created_by,last_update_date,last_updated_by,status) VALUES (57,'100117','Decimal Number',50,NULL,16,'2021-10-19',NULL,'2021-10-19','BYDEV',NULL,NULL,'D');
INSERT INTO thr_object_type(object_type_id,object_type_code,object_type_name,object_class_id,note,order_seq,valid_from,valid_to,creation_date,created_by,last_update_date,last_updated_by,status) VALUES (58,'100118','Number with Min/Max (5 - 10)',50,NULL,17,'2021-10-19',NULL,'2021-10-19','BYDEV',NULL,NULL,'D');
INSERT INTO thr_object_type(object_type_id,object_type_code,object_type_name,object_class_id,note,order_seq,valid_from,valid_to,creation_date,created_by,last_update_date,last_updated_by,status) VALUES (59,'100119','Decimal Number with Min/Max (2.19 - 10.89)',50,NULL,18,'2021-10-19',NULL,'2021-10-19','BYDEV',NULL,NULL,'D');
INSERT INTO thr_object_type(object_type_id,object_type_code,object_type_name,object_class_id,note,order_seq,valid_from,valid_to,creation_date,created_by,last_update_date,last_updated_by,status) VALUES (61,'100120','Master LOV',50,NULL,19,'2021-10-22',NULL,'2021-10-22','BYDEV',NULL,NULL,'D');
INSERT INTO thr_object_type(object_type_id,object_type_code,object_type_name,object_class_id,note,order_seq,valid_from,valid_to,creation_date,created_by,last_update_date,last_updated_by,status) VALUES (62,'100121','Child LOV',50,NULL,20,'2021-10-22',NULL,'2021-10-22','BYDEV',NULL,NULL,'D');
INSERT INTO thr_object_type(object_type_id,object_type_code,object_type_name,object_class_id,note,order_seq,valid_from,valid_to,creation_date,created_by,last_update_date,last_updated_by,status) VALUES (100,'100201','Reason for coming',10,NULL,4,'2021-07-27',NULL,'2021-07-27','BYDEV',NULL,NULL,'D');
INSERT INTO thr_object_type(object_type_id,object_type_code,object_type_name,object_class_id,note,order_seq,valid_from,valid_to,creation_date,created_by,last_update_date,last_updated_by,status) VALUES (110,'100202','Personal anamnesis',10,NULL,5,'2021-07-27',NULL,'2021-07-27','BYDEV',NULL,NULL,'D');
INSERT INTO thr_object_type(object_type_id,object_type_code,object_type_name,object_class_id,note,order_seq,valid_from,valid_to,creation_date,created_by,last_update_date,last_updated_by,status) VALUES (120,'100203','Family anamnesis',10,NULL,6,'2021-07-27',NULL,'2021-07-27','BYDEV',NULL,NULL,'D');
INSERT INTO thr_object_type(object_type_id,object_type_code,object_type_name,object_class_id,note,order_seq,valid_from,valid_to,creation_date,created_by,last_update_date,last_updated_by,status) VALUES (130,'100204','Current difficulties',10,NULL,7,'2021-07-27',NULL,'2021-07-27','BYDEV',NULL,NULL,'D');
INSERT INTO thr_object_type(object_type_id,object_type_code,object_type_name,object_class_id,note,order_seq,valid_from,valid_to,creation_date,created_by,last_update_date,last_updated_by,status) VALUES (140,'100205','Current therapy',10,NULL,8,'2021-07-27',NULL,'2021-07-27','BYDEV',NULL,NULL,'D');
INSERT INTO thr_object_type(object_type_id,object_type_code,object_type_name,object_class_id,note,order_seq,valid_from,valid_to,creation_date,created_by,last_update_date,last_updated_by,status) VALUES (150,'100206','Epidemiological anamnesis',10,NULL,9,'2021-07-27',NULL,'2021-07-27','BYDEV',NULL,NULL,'D');
INSERT INTO thr_object_type(object_type_id,object_type_code,object_type_name,object_class_id,note,order_seq,valid_from,valid_to,creation_date,created_by,last_update_date,last_updated_by,status) VALUES (160,'100207','Vaccinations',10,NULL,10,'2021-07-27',NULL,'2021-07-27','BYDEV',NULL,NULL,'D');
INSERT INTO thr_object_type(object_type_id,object_type_code,object_type_name,object_class_id,note,order_seq,valid_from,valid_to,creation_date,created_by,last_update_date,last_updated_by,status) VALUES (170,'100208','Functions and habits',10,NULL,11,'2021-07-27',NULL,'2021-07-27','BYDEV',NULL,NULL,'D');
INSERT INTO thr_object_type(object_type_id,object_type_code,object_type_name,object_class_id,note,order_seq,valid_from,valid_to,creation_date,created_by,last_update_date,last_updated_by,status) VALUES (180,'100209','Allergies',10,NULL,12,'2021-07-27',NULL,'2021-07-27','BYDEV',NULL,NULL,'D');
INSERT INTO thr_object_type(object_type_id,object_type_code,object_type_name,object_class_id,note,order_seq,valid_from,valid_to,creation_date,created_by,last_update_date,last_updated_by,status) VALUES (190,'100210','Diagnostic findings',10,NULL,13,'2021-07-27',NULL,'2021-07-27','BYDEV',NULL,NULL,'D');
INSERT INTO thr_object_type(object_type_id,object_type_code,object_type_name,object_class_id,note,order_seq,valid_from,valid_to,creation_date,created_by,last_update_date,last_updated_by,status) VALUES (200,'100212','Recommendations',10,NULL,14,'2021-07-27',NULL,'2021-07-27','BYDEV',NULL,NULL,'D');
INSERT INTO thr_object_type(object_type_id,object_type_code,object_type_name,object_class_id,note,order_seq,valid_from,valid_to,creation_date,created_by,last_update_date,last_updated_by,status) VALUES (210,'100213','Internal notes',10,NULL,15,'2021-07-27',NULL,'2021-07-27','BYDEV',NULL,NULL,'D');
INSERT INTO thr_object_type(object_type_id,object_type_code,object_type_name,object_class_id,note,order_seq,valid_from,valid_to,creation_date,created_by,last_update_date,last_updated_by,status) VALUES (220,'100214','Reason for hospitalization',10,NULL,16,'2021-07-27',NULL,'2021-07-27','BYDEV',NULL,NULL,'D');
INSERT INTO thr_object_type(object_type_id,object_type_code,object_type_name,object_class_id,note,order_seq,valid_from,valid_to,creation_date,created_by,last_update_date,last_updated_by,status) VALUES (230,'100215','Surgical procedures',10,NULL,17,'2021-07-27',NULL,'2021-07-27','BYDEV',NULL,NULL,'D');
INSERT INTO thr_object_type(object_type_id,object_type_code,object_type_name,object_class_id,note,order_seq,valid_from,valid_to,creation_date,created_by,last_update_date,last_updated_by,status) VALUES (240,'100216','Diagnostic procedures in process',10,NULL,18,'2021-07-27',NULL,'2021-07-27','BYDEV',NULL,NULL,'D');
INSERT INTO thr_object_type(object_type_id,object_type_code,object_type_name,object_class_id,note,order_seq,valid_from,valid_to,creation_date,created_by,last_update_date,last_updated_by,status) VALUES (250,'100217','Discharge status',10,NULL,19,'2021-07-27',NULL,'2021-07-27','BYDEV',NULL,NULL,'D');
INSERT INTO thr_object_type(object_type_id,object_type_code,object_type_name,object_class_id,note,order_seq,valid_from,valid_to,creation_date,created_by,last_update_date,last_updated_by,status) VALUES (260,'100218','Discharge therapy',10,NULL,20,'2021-07-27',NULL,'2021-07-27','BYDEV',NULL,NULL,'D');
INSERT INTO thr_object_type(object_type_id,object_type_code,object_type_name,object_class_id,note,order_seq,valid_from,valid_to,creation_date,created_by,last_update_date,last_updated_by,status) VALUES (270,'100219','Summary of treatment',10,NULL,21,'2021-07-27',NULL,'2021-07-27','BYDEV',NULL,NULL,'D');
INSERT INTO thr_object_type(object_type_id,object_type_code,object_type_name,object_class_id,note,order_seq,valid_from,valid_to,creation_date,created_by,last_update_date,last_updated_by,status) VALUES (280,'100600','Decursus',30,NULL,1,'2021-10-07',NULL,'2021-10-07','BYDEV','2021-10-07','BYDEV','D');
INSERT INTO thr_object_type(object_type_id,object_type_code,object_type_name,object_class_id,note,order_seq,valid_from,valid_to,creation_date,created_by,last_update_date,last_updated_by,status) VALUES (290,'200501','Temperature',20,NULL,1,'2021-10-07',NULL,'2021-10-07','BYDEV','2021-10-07','BYDEV','D');
INSERT INTO thr_object_type(object_type_id,object_type_code,object_type_name,object_class_id,note,order_seq,valid_from,valid_to,creation_date,created_by,last_update_date,last_updated_by,status) VALUES (300,'200504','Pulse',20,NULL,2,'2021-10-07',NULL,'2021-10-07','BYDEV','2021-10-07','BYDEV','D');
INSERT INTO thr_object_type(object_type_id,object_type_code,object_type_name,object_class_id,note,order_seq,valid_from,valid_to,creation_date,created_by,last_update_date,last_updated_by,status) VALUES (310,'200502','Systolic pressure',20,NULL,3,'2021-10-07',NULL,'2021-10-07','BYDEV','2021-10-07','BYDEV','D');
INSERT INTO thr_object_type(object_type_id,object_type_code,object_type_name,object_class_id,note,order_seq,valid_from,valid_to,creation_date,created_by,last_update_date,last_updated_by,status) VALUES (311,'200503','Diastolic pressure',20,NULL,4,'2021-10-07',NULL,'2021-10-07','BYDEV','2021-10-07','BYDEV','D');
INSERT INTO thr_object_type(object_type_id,object_type_code,object_type_name,object_class_id,note,order_seq,valid_from,valid_to,creation_date,created_by,last_update_date,last_updated_by,status) VALUES (312,'200505','Saturation',20,NULL,5,'2021-10-07',NULL,'2021-10-07','BYDEV','2021-10-07','BYDEV','D');
INSERT INTO thr_object_type(object_type_id,object_type_code,object_type_name,object_class_id,note,order_seq,valid_from,valid_to,creation_date,created_by,last_update_date,last_updated_by,status) VALUES (313,'200506','Respiration',20,NULL,6,'2021-10-07',NULL,'2021-10-07','BYDEV','2021-10-07','BYDEV','D');
INSERT INTO thr_object_type(object_type_id,object_type_code,object_type_name,object_class_id,note,order_seq,valid_from,valid_to,creation_date,created_by,last_update_date,last_updated_by,status) VALUES (318,'100501','Triage category',70,NULL,2,'2021-10-07',NULL,'2021-10-07','BYDEV','2021-10-07',NULL,'D');
INSERT INTO thr_object_type(object_type_id,object_type_code,object_type_name,object_class_id,note,order_seq,valid_from,valid_to,creation_date,created_by,last_update_date,last_updated_by,status) VALUES (319,'100502','Patient location',70,NULL,22,'2021-10-07',NULL,'2021-10-07','BYDEV','2021-10-07',NULL,'N');
INSERT INTO thr_object_type(object_type_id,object_type_code,object_type_name,object_class_id,note,order_seq,valid_from,valid_to,creation_date,created_by,last_update_date,last_updated_by,status) VALUES (320,'100503','Walk in',70,NULL,3,'2021-10-07',NULL,'2021-10-07','BYDEV','2021-10-07',NULL,'N');
INSERT INTO thr_object_type(object_type_id,object_type_code,object_type_name,object_class_id,note,order_seq,valid_from,valid_to,creation_date,created_by,last_update_date,last_updated_by,status) VALUES (321,'100504','Allergies',70,NULL,4,'2021-10-07',NULL,'2021-10-07','BYDEV','2021-10-07',NULL,'D');
INSERT INTO thr_object_type(object_type_id,object_type_code,object_type_name,object_class_id,note,order_seq,valid_from,valid_to,creation_date,created_by,last_update_date,last_updated_by,status) VALUES (322,'100505','Patient present',70,NULL,5,'2021-10-07',NULL,'2021-10-07','BYDEV','2021-10-07',NULL,'N');
INSERT INTO thr_object_type(object_type_id,object_type_code,object_type_name,object_class_id,note,order_seq,valid_from,valid_to,creation_date,created_by,last_update_date,last_updated_by,status) VALUES (323,'100506','IV cannula',70,NULL,6,'2021-10-07',NULL,'2021-10-07','BYDEV','2021-10-07',NULL,'D');
INSERT INTO thr_object_type(object_type_id,object_type_code,object_type_name,object_class_id,note,order_seq,valid_from,valid_to,creation_date,created_by,last_update_date,last_updated_by,status) VALUES (324,'100507','Car accident',70,NULL,7,'2021-10-07',NULL,'2021-10-07','BYDEV','2021-10-07',NULL,'N');
INSERT INTO thr_object_type(object_type_id,object_type_code,object_type_name,object_class_id,note,order_seq,valid_from,valid_to,creation_date,created_by,last_update_date,last_updated_by,status) VALUES (325,'100508','Cardiac symptoms',70,NULL,8,'2021-10-07',NULL,'2021-10-07','BYDEV','2021-10-07',NULL,'N');
INSERT INTO thr_object_type(object_type_id,object_type_code,object_type_name,object_class_id,note,order_seq,valid_from,valid_to,creation_date,created_by,last_update_date,last_updated_by,status) VALUES (326,'100509','Current problems',70,NULL,9,'2021-10-07',NULL,'2021-10-07','BYDEV','2021-10-07',NULL,'D');
INSERT INTO thr_object_type(object_type_id,object_type_code,object_type_name,object_class_id,note,order_seq,valid_from,valid_to,creation_date,created_by,last_update_date,last_updated_by,status) VALUES (327,'100510','Injury mechanisms',70,NULL,10,'2021-10-07',NULL,'2021-10-07','BYDEV','2021-10-07',NULL,'D');
INSERT INTO thr_object_type(object_type_id,object_type_code,object_type_name,object_class_id,note,order_seq,valid_from,valid_to,creation_date,created_by,last_update_date,last_updated_by,status) VALUES (328,'100511','Hospiltalisation',70,NULL,11,'2021-10-07',NULL,'2021-10-07','BYDEV','2021-10-07',NULL,'N');
INSERT INTO thr_object_type(object_type_id,object_type_code,object_type_name,object_class_id,note,order_seq,valid_from,valid_to,creation_date,created_by,last_update_date,last_updated_by,status) VALUES (329,'100512','Other notes',70,NULL,12,'2021-10-07',NULL,'2021-10-07','BYDEV','2021-10-07',NULL,'D');
INSERT INTO thr_object_type(object_type_id,object_type_code,object_type_name,object_class_id,note,order_seq,valid_from,valid_to,creation_date,created_by,last_update_date,last_updated_by,status) VALUES (336,'100519','AVPU',20,NULL,19,'2021-10-07',NULL,'2021-10-07','BYDEV','2021-10-07',NULL,'D');
INSERT INTO thr_object_type(object_type_id,object_type_code,object_type_name,object_class_id,note,order_seq,valid_from,valid_to,creation_date,created_by,last_update_date,last_updated_by,status) VALUES (337,'100520','Pain',20,NULL,20,'2021-10-07',NULL,'2021-10-07','BYDEV','2021-10-07',NULL,'D');
INSERT INTO thr_object_type(object_type_id,object_type_code,object_type_name,object_class_id,note,order_seq,valid_from,valid_to,creation_date,created_by,last_update_date,last_updated_by,status) VALUES (338,'100521','Blood glucose',20,NULL,21,'2021-10-07',NULL,'2021-10-07','BYDEV','2021-10-07',NULL,'D');
INSERT INTO thr_object_type(object_type_id,object_type_code,object_type_name,object_class_id,note,order_seq,valid_from,valid_to,creation_date,created_by,last_update_date,last_updated_by,status) VALUES (339,'100522','Time',70,NULL,1,'2021-10-07',NULL,'2021-10-07','BYDEV','2021-10-07',NULL,'D');
INSERT INTO thr_object_type(object_type_id,object_type_code,object_type_name,object_class_id,note,order_seq,valid_from,valid_to,creation_date,created_by,last_update_date,last_updated_by,status) VALUES (340,'100523','Eyes Open',10,NULL,1,'2022-01-21',NULL,'2022-01-21','BYDEV',NULL,NULL,'D');
INSERT INTO thr_object_type(object_type_id,object_type_code,object_type_name,object_class_id,note,order_seq,valid_from,valid_to,creation_date,created_by,last_update_date,last_updated_by,status) VALUES (341,'100524','Verbal',10,NULL,2,'2022-01-21',NULL,'2022-01-21','BYDEV',NULL,NULL,'D');
INSERT INTO thr_object_type(object_type_id,object_type_code,object_type_name,object_class_id,note,order_seq,valid_from,valid_to,creation_date,created_by,last_update_date,last_updated_by,status) VALUES (342,'100525','Motor',10,NULL,3,'2022-01-21',NULL,'2022-01-21','BYDEV',NULL,NULL,'D');
INSERT INTO thr_object_type(object_type_id,object_type_code,object_type_name,object_class_id,note,order_seq,valid_from,valid_to,creation_date,created_by,last_update_date,last_updated_by,status) VALUES (343,'100526','Patient Weight',80,'Weight of the patient (in kg)',1,'2022-02-01',NULL,'2022-02-01','BYDEV',NULL,NULL,'D');
INSERT INTO thr_object_type(object_type_id,object_type_code,object_type_name,object_class_id,note,order_seq,valid_from,valid_to,creation_date,created_by,last_update_date,last_updated_by,status) VALUES (344,'100527','Patient Height',80,'Height of the patient (in cm)',2,'2022-02-01',NULL,'2022-02-01','BYDEV',NULL,NULL,'D');
INSERT INTO thr_object_type(object_type_id,object_type_code,object_type_name,object_class_id,note,order_seq,valid_from,valid_to,creation_date,created_by,last_update_date,last_updated_by,status) VALUES (345,'100528','Head Circumference',80,'Measurement of a childs head around its largest area (in cm)',3,'2022-02-01',NULL,'2022-02-01','BYDEV',NULL,NULL,'D');
INSERT INTO thr_object_type(object_type_id,object_type_code,object_type_name,object_class_id,note,order_seq,valid_from,valid_to,creation_date,created_by,last_update_date,last_updated_by,status) VALUES (346,'100529','Gestational Age',80,'Patient’s age since ~conception (in weeks)',4,'2022-02-01',NULL,'2022-02-01','BYDEV',NULL,NULL,'D');
INSERT INTO thr_object_type(object_type_id,object_type_code,object_type_name,object_class_id,note,order_seq,valid_from,valid_to,creation_date,created_by,last_update_date,last_updated_by,status) VALUES (347,'100530','Gender',80,'Gender of the patient (m or f)',5,'2022-02-01',NULL,'2022-02-01','BYDEV',NULL,NULL,'D');
INSERT INTO thr_object_type(object_type_id,object_type_code,object_type_name,object_class_id,note,order_seq,valid_from,valid_to,creation_date,created_by,last_update_date,last_updated_by,status) VALUES (348,'100531','Age',80,'Patient’s Age (in months)',1,'2022-02-01',NULL,'2022-02-01','BYDEV',NULL,NULL,'D');
INSERT INTO thr_object_type(object_type_id,object_type_code,object_type_name,object_class_id,note,order_seq,valid_from,valid_to,creation_date,created_by,last_update_date,last_updated_by,status) VALUES (349,'100532','Assesment',70,NULL,13,'2022-02-08',NULL,'2022-02-08','BYDEV',NULL,NULL,'D');
INSERT INTO thr_object_type(object_type_id,object_type_code,object_type_name,object_class_id,note,order_seq,valid_from,valid_to,creation_date,created_by,last_update_date,last_updated_by,status) VALUES (350,'200507','date of initial inspection',10,NULL,23,'2022-02-15',NULL,'2022-02-15','BYDEV',NULL,NULL,'D');
INSERT INTO thr_object_type(object_type_id,object_type_code,object_type_name,object_class_id,note,order_seq,valid_from,valid_to,creation_date,created_by,last_update_date,last_updated_by,status) VALUES (351,'200508','Complaints',10,NULL,24,'2022-02-15',NULL,'2022-02-15','BYDEV',NULL,NULL,'D');
INSERT INTO thr_object_type(object_type_id,object_type_code,object_type_name,object_class_id,note,order_seq,valid_from,valid_to,creation_date,created_by,last_update_date,last_updated_by,status) VALUES (352,'200509','Examined for scabies',10,NULL,25,'2022-02-15',NULL,'2022-02-15','BYDEV',NULL,NULL,'D');
INSERT INTO thr_object_type(object_type_id,object_type_code,object_type_name,object_class_id,note,order_seq,valid_from,valid_to,creation_date,created_by,last_update_date,last_updated_by,status) VALUES (353,'200510','(Exsaminded) on pediculosis',10,NULL,26,'2022-02-15',NULL,'2022-02-15','BYDEV',NULL,NULL,'D');
INSERT INTO thr_object_type(object_type_id,object_type_code,object_type_name,object_class_id,note,order_seq,valid_from,valid_to,creation_date,created_by,last_update_date,last_updated_by,status) VALUES (354,'200511','Interviewed for teniosis',10,NULL,27,'2022-02-15',NULL,'2022-02-15','BYDEV',NULL,NULL,'D');
INSERT INTO thr_object_type(object_type_id,object_type_code,object_type_name,object_class_id,note,order_seq,valid_from,valid_to,creation_date,created_by,last_update_date,last_updated_by,status) VALUES (356,'200513','General condition',10,NULL,29,'2022-02-15',NULL,'2022-02-15','BYDEV',NULL,NULL,'D');
INSERT INTO thr_object_type(object_type_id,object_type_code,object_type_name,object_class_id,note,order_seq,valid_from,valid_to,creation_date,created_by,last_update_date,last_updated_by,status) VALUES (357,'200514','Consciousness',10,NULL,30,'2022-02-15',NULL,'2022-02-15','BYDEV',NULL,NULL,'D');
INSERT INTO thr_object_type(object_type_id,object_type_code,object_type_name,object_class_id,note,order_seq,valid_from,valid_to,creation_date,created_by,last_update_date,last_updated_by,status) VALUES (359,'200516','BMI',20,NULL,32,'2022-02-15',NULL,'2022-02-15','BYDEV',NULL,NULL,'D');
INSERT INTO thr_object_type(object_type_id,object_type_code,object_type_name,object_class_id,note,order_seq,valid_from,valid_to,creation_date,created_by,last_update_date,last_updated_by,status) VALUES (362,'200519','Skin',10,NULL,35,'2022-02-15',NULL,'2022-02-15','BYDEV',NULL,NULL,'D');
INSERT INTO thr_object_type(object_type_id,object_type_code,object_type_name,object_class_id,note,order_seq,valid_from,valid_to,creation_date,created_by,last_update_date,last_updated_by,status) VALUES (363,'200520','Visible mucous membranes',10,NULL,36,'2022-02-15',NULL,'2022-02-15','BYDEV',NULL,NULL,'D');
INSERT INTO thr_object_type(object_type_id,object_type_code,object_type_name,object_class_id,note,order_seq,valid_from,valid_to,creation_date,created_by,last_update_date,last_updated_by,status) VALUES (364,'200521','Palatine tonsils',10,NULL,37,'2022-02-15',NULL,'2022-02-15','BYDEV',NULL,NULL,'D');
INSERT INTO thr_object_type(object_type_id,object_type_code,object_type_name,object_class_id,note,order_seq,valid_from,valid_to,creation_date,created_by,last_update_date,last_updated_by,status) VALUES (365,'200522','Lymph nodes',10,NULL,38,'2022-02-15',NULL,'2022-02-15','BYDEV',NULL,NULL,'D');
INSERT INTO thr_object_type(object_type_id,object_type_code,object_type_name,object_class_id,note,order_seq,valid_from,valid_to,creation_date,created_by,last_update_date,last_updated_by,status) VALUES (366,'200523','Thyroid gland',10,NULL,39,'2022-02-15',NULL,'2022-02-15','BYDEV',NULL,NULL,'D');
INSERT INTO thr_object_type(object_type_id,object_type_code,object_type_name,object_class_id,note,order_seq,valid_from,valid_to,creation_date,created_by,last_update_date,last_updated_by,status) VALUES (367,'200524','Bone and joint system',10,NULL,40,'2022-02-15',NULL,'2022-02-15','BYDEV',NULL,NULL,'D');
INSERT INTO thr_object_type(object_type_id,object_type_code,object_type_name,object_class_id,note,order_seq,valid_from,valid_to,creation_date,created_by,last_update_date,last_updated_by,status) VALUES (368,'200525','The muscular system',10,NULL,41,'2022-02-15',NULL,'2022-02-15','BYDEV',NULL,NULL,'D');
INSERT INTO thr_object_type(object_type_id,object_type_code,object_type_name,object_class_id,note,order_seq,valid_from,valid_to,creation_date,created_by,last_update_date,last_updated_by,status) VALUES (369,'200526','Lungs',20,NULL,42,'2022-02-15',NULL,'2022-02-15','BYDEV',NULL,NULL,'D');
INSERT INTO thr_object_type(object_type_id,object_type_code,object_type_name,object_class_id,note,order_seq,valid_from,valid_to,creation_date,created_by,last_update_date,last_updated_by,status) VALUES (370,'200527','Lungs (Percussion sound)',10,NULL,43,'2022-02-15',NULL,'2022-02-15','BYDEV',NULL,NULL,'D');
INSERT INTO thr_object_type(object_type_id,object_type_code,object_type_name,object_class_id,note,order_seq,valid_from,valid_to,creation_date,created_by,last_update_date,last_updated_by,status) VALUES (371,'200528','Respiratory noises',10,NULL,44,'2022-02-15',NULL,'2022-02-15','BYDEV',NULL,NULL,'D');
INSERT INTO thr_object_type(object_type_id,object_type_code,object_type_name,object_class_id,note,order_seq,valid_from,valid_to,creation_date,created_by,last_update_date,last_updated_by,status) VALUES (372,'200529','Wheezing',10,NULL,45,'2022-02-15',NULL,'2022-02-15','BYDEV',NULL,NULL,'D');
INSERT INTO thr_object_type(object_type_id,object_type_code,object_type_name,object_class_id,note,order_seq,valid_from,valid_to,creation_date,created_by,last_update_date,last_updated_by,status) VALUES (374,'200531','Filling',10,NULL,47,'2022-02-15',NULL,'2022-02-15','BYDEV',NULL,NULL,'D');
INSERT INTO thr_object_type(object_type_id,object_type_code,object_type_name,object_class_id,note,order_seq,valid_from,valid_to,creation_date,created_by,last_update_date,last_updated_by,status) VALUES (375,'200532','Pulse deficit',10,NULL,48,'2022-02-15',NULL,'2022-02-15','BYDEV',NULL,NULL,'D');
INSERT INTO thr_object_type(object_type_id,object_type_code,object_type_name,object_class_id,note,order_seq,valid_from,valid_to,creation_date,created_by,last_update_date,last_updated_by,status) VALUES (377,'200534','Heart',10,NULL,50,'2022-02-15',NULL,'2022-02-15','BYDEV',NULL,NULL,'D');
INSERT INTO thr_object_type(object_type_id,object_type_code,object_type_name,object_class_id,note,order_seq,valid_from,valid_to,creation_date,created_by,last_update_date,last_updated_by,status) VALUES (378,'200535','Boundaries of relative sensitivity',10,NULL,51,'2022-02-15',NULL,'2022-02-15','BYDEV',NULL,NULL,'D');
INSERT INTO thr_object_type(object_type_id,object_type_code,object_type_name,object_class_id,note,order_seq,valid_from,valid_to,creation_date,created_by,last_update_date,last_updated_by,status) VALUES (379,'200536','Tongue',10,NULL,52,'2022-02-15',NULL,'2022-02-15','BYDEV',NULL,NULL,'D');
INSERT INTO thr_object_type(object_type_id,object_type_code,object_type_name,object_class_id,note,order_seq,valid_from,valid_to,creation_date,created_by,last_update_date,last_updated_by,status) VALUES (380,'200537','Abdomen',10,NULL,53,'2022-02-15',NULL,'2022-02-15','BYDEV',NULL,NULL,'D');
INSERT INTO thr_object_type(object_type_id,object_type_code,object_type_name,object_class_id,note,order_seq,valid_from,valid_to,creation_date,created_by,last_update_date,last_updated_by,status) VALUES (381,'200538','Liver',10,NULL,54,'2022-02-15',NULL,'2022-02-15','BYDEV',NULL,NULL,'D');
INSERT INTO thr_object_type(object_type_id,object_type_code,object_type_name,object_class_id,note,order_seq,valid_from,valid_to,creation_date,created_by,last_update_date,last_updated_by,status) VALUES (382,'200539','Liver (Edge)',10,NULL,55,'2022-02-15',NULL,'2022-02-15','BYDEV',NULL,NULL,'D');
INSERT INTO thr_object_type(object_type_id,object_type_code,object_type_name,object_class_id,note,order_seq,valid_from,valid_to,creation_date,created_by,last_update_date,last_updated_by,status) VALUES (383,'200540','Spleen',10,NULL,56,'2022-02-15',NULL,'2022-02-15','BYDEV',NULL,NULL,'D');
INSERT INTO thr_object_type(object_type_id,object_type_code,object_type_name,object_class_id,note,order_seq,valid_from,valid_to,creation_date,created_by,last_update_date,last_updated_by,status) VALUES (384,'200541','Kidneys',10,NULL,57,'2022-02-15',NULL,'2022-02-15','BYDEV',NULL,NULL,'D');
INSERT INTO thr_object_type(object_type_id,object_type_code,object_type_name,object_class_id,note,order_seq,valid_from,valid_to,creation_date,created_by,last_update_date,last_updated_by,status) VALUES (385,'200542','Urination',10,NULL,58,'2022-02-15',NULL,'2022-02-15','BYDEV',NULL,NULL,'D');
INSERT INTO thr_object_type(object_type_id,object_type_code,object_type_name,object_class_id,note,order_seq,valid_from,valid_to,creation_date,created_by,last_update_date,last_updated_by,status) VALUES (386,'200543','Nikturia',10,NULL,59,'2022-02-15',NULL,'2022-02-15','BYDEV',NULL,NULL,'D');
INSERT INTO thr_object_type(object_type_id,object_type_code,object_type_name,object_class_id,note,order_seq,valid_from,valid_to,creation_date,created_by,last_update_date,last_updated_by,status) VALUES (387,'200544','Stool',10,NULL,60,'2022-02-15',NULL,'2022-02-15','BYDEV',NULL,NULL,'D');
INSERT INTO thr_object_type(object_type_id,object_type_code,object_type_name,object_class_id,note,order_seq,valid_from,valid_to,creation_date,created_by,last_update_date,last_updated_by,status) VALUES (388,'200545','Melena',10,NULL,61,'2022-02-15',NULL,'2022-02-15','BYDEV',NULL,NULL,'D');
INSERT INTO thr_object_type(object_type_id,object_type_code,object_type_name,object_class_id,note,order_seq,valid_from,valid_to,creation_date,created_by,last_update_date,last_updated_by,status) VALUES (389,'200546','Edema',10,NULL,62,'2022-02-15',NULL,'2022-02-15','BYDEV',NULL,NULL,'D');
INSERT INTO thr_object_type(object_type_id,object_type_code,object_type_name,object_class_id,note,order_seq,valid_from,valid_to,creation_date,created_by,last_update_date,last_updated_by,status) VALUES (390,'200547','Additional data',10,NULL,63,'2022-02-15',NULL,'2022-02-15','BYDEV',NULL,NULL,'D');
INSERT INTO thr_object_type(object_type_id,object_type_code,object_type_name,object_class_id,note,order_seq,valid_from,valid_to,creation_date,created_by,last_update_date,last_updated_by,status) VALUES (392,'200549','Sheet of temporary incapacity series',10,NULL,65,'2022-02-15',NULL,'2022-02-15','BYDEV',NULL,NULL,'D');
INSERT INTO thr_object_type(object_type_id,object_type_code,object_type_name,object_class_id,note,order_seq,valid_from,valid_to,creation_date,created_by,last_update_date,last_updated_by,status) VALUES (393,'200550','Mode',10,NULL,66,'2022-02-15',NULL,'2022-02-15','BYDEV',NULL,NULL,'D');
INSERT INTO thr_object_type(object_type_id,object_type_code,object_type_name,object_class_id,note,order_seq,valid_from,valid_to,creation_date,created_by,last_update_date,last_updated_by,status) VALUES (394,'200551','Repeated inspection',10,NULL,67,'2022-02-15',NULL,'2022-02-15','BYDEV',NULL,NULL,'D');


INSERT INTO thr_object_type_l(id,object_type_id,object_type_name,language_id,note,creation_date,created_by,last_update_date,last_updated_by,status) VALUES (1,10,'Status','en',NULL,'2021-07-06','BYDEV',NULL,NULL,'D');
INSERT INTO thr_object_type_l(id,object_type_id,object_type_name,language_id,note,creation_date,created_by,last_update_date,last_updated_by,status) VALUES (2,20,'Anamnesis','en',NULL,'2021-07-07','BYDEV',NULL,NULL,'D');
INSERT INTO thr_object_type_l(id,object_type_id,object_type_name,language_id,note,creation_date,created_by,last_update_date,last_updated_by,status) VALUES (3,30,'Conclusion','en',NULL,'2021-07-07','BYDEV',NULL,NULL,'D');
INSERT INTO thr_object_type_l(id,object_type_id,object_type_name,language_id,note,creation_date,created_by,last_update_date,last_updated_by,status) VALUES (10,100,'Reason for coming','en',NULL,'2021-07-27','BYDEV',NULL,NULL,'D');
INSERT INTO thr_object_type_l(id,object_type_id,object_type_name,language_id,note,creation_date,created_by,last_update_date,last_updated_by,status) VALUES (11,110,'Personal anamnesis','en',NULL,'2021-07-27','BYDEV',NULL,NULL,'D');
INSERT INTO thr_object_type_l(id,object_type_id,object_type_name,language_id,note,creation_date,created_by,last_update_date,last_updated_by,status) VALUES (12,120,'Family anamnesis','en',NULL,'2021-07-27','BYDEV',NULL,NULL,'D');
INSERT INTO thr_object_type_l(id,object_type_id,object_type_name,language_id,note,creation_date,created_by,last_update_date,last_updated_by,status) VALUES (13,130,'Current difficulties','en',NULL,'2021-07-27','BYDEV',NULL,NULL,'D');
INSERT INTO thr_object_type_l(id,object_type_id,object_type_name,language_id,note,creation_date,created_by,last_update_date,last_updated_by,status) VALUES (14,140,'Current therapy','en',NULL,'2021-07-27','BYDEV',NULL,NULL,'D');
INSERT INTO thr_object_type_l(id,object_type_id,object_type_name,language_id,note,creation_date,created_by,last_update_date,last_updated_by,status) VALUES (15,150,'Epidemiological anamnesis','en',NULL,'2021-07-27','BYDEV',NULL,NULL,'D');
INSERT INTO thr_object_type_l(id,object_type_id,object_type_name,language_id,note,creation_date,created_by,last_update_date,last_updated_by,status) VALUES (16,160,'Vaccinations','en',NULL,'2021-07-27','BYDEV',NULL,NULL,'D');
INSERT INTO thr_object_type_l(id,object_type_id,object_type_name,language_id,note,creation_date,created_by,last_update_date,last_updated_by,status) VALUES (17,170,'Functions and habits','en',NULL,'2021-07-27','BYDEV',NULL,NULL,'D');
INSERT INTO thr_object_type_l(id,object_type_id,object_type_name,language_id,note,creation_date,created_by,last_update_date,last_updated_by,status) VALUES (18,180,'Allergies','en',NULL,'2021-07-27','BYDEV',NULL,NULL,'D');
INSERT INTO thr_object_type_l(id,object_type_id,object_type_name,language_id,note,creation_date,created_by,last_update_date,last_updated_by,status) VALUES (19,190,'Diagnostic findings','en',NULL,'2021-07-27','BYDEV',NULL,NULL,'D');
INSERT INTO thr_object_type_l(id,object_type_id,object_type_name,language_id,note,creation_date,created_by,last_update_date,last_updated_by,status) VALUES (20,200,'Recommendations','en',NULL,'2021-07-27','BYDEV',NULL,NULL,'D');
INSERT INTO thr_object_type_l(id,object_type_id,object_type_name,language_id,note,creation_date,created_by,last_update_date,last_updated_by,status) VALUES (21,210,'Internal notes','en',NULL,'2021-07-27','BYDEV',NULL,NULL,'D');
INSERT INTO thr_object_type_l(id,object_type_id,object_type_name,language_id,note,creation_date,created_by,last_update_date,last_updated_by,status) VALUES (22,220,'Reason for hospitalization','en',NULL,'2021-07-27','BYDEV',NULL,NULL,'D');
INSERT INTO thr_object_type_l(id,object_type_id,object_type_name,language_id,note,creation_date,created_by,last_update_date,last_updated_by,status) VALUES (23,230,'Surgical procedures','en',NULL,'2021-07-27','BYDEV',NULL,NULL,'D');
INSERT INTO thr_object_type_l(id,object_type_id,object_type_name,language_id,note,creation_date,created_by,last_update_date,last_updated_by,status) VALUES (24,240,'Ongoing diagnostic procedures','en',NULL,'2021-07-27','BYDEV',NULL,NULL,'D');
INSERT INTO thr_object_type_l(id,object_type_id,object_type_name,language_id,note,creation_date,created_by,last_update_date,last_updated_by,status) VALUES (25,250,'Discharge status','en',NULL,'2021-07-27','BYDEV',NULL,NULL,'D');
INSERT INTO thr_object_type_l(id,object_type_id,object_type_name,language_id,note,creation_date,created_by,last_update_date,last_updated_by,status) VALUES (26,260,'Discharge therapy','en',NULL,'2021-07-27','BYDEV',NULL,NULL,'D');
INSERT INTO thr_object_type_l(id,object_type_id,object_type_name,language_id,note,creation_date,created_by,last_update_date,last_updated_by,status) VALUES (27,270,'Summary of treatment','en',NULL,'2021-07-27','BYDEV',NULL,NULL,'D');
INSERT INTO thr_object_type_l(id,object_type_id,object_type_name,language_id,note,creation_date,created_by,last_update_date,last_updated_by,status) VALUES (28,10,'Статус','ru',NULL,'2021-07-06','BYDEV',NULL,NULL,'D');
INSERT INTO thr_object_type_l(id,object_type_id,object_type_name,language_id,note,creation_date,created_by,last_update_date,last_updated_by,status) VALUES (29,20,'Анамнез','ru',NULL,'2021-07-07','BYDEV',NULL,NULL,'D');
INSERT INTO thr_object_type_l(id,object_type_id,object_type_name,language_id,note,creation_date,created_by,last_update_date,last_updated_by,status) VALUES (37,100,'Причина для приезда','ru',NULL,'2021-07-27','BYDEV',NULL,NULL,'D');
INSERT INTO thr_object_type_l(id,object_type_id,object_type_name,language_id,note,creation_date,created_by,last_update_date,last_updated_by,status) VALUES (38,110,'Личный анамнез','ru',NULL,'2021-07-27','BYDEV',NULL,NULL,'D');
INSERT INTO thr_object_type_l(id,object_type_id,object_type_name,language_id,note,creation_date,created_by,last_update_date,last_updated_by,status) VALUES (39,120,'Семейный анамнез','ru',NULL,'2021-07-27','BYDEV',NULL,NULL,'D');
INSERT INTO thr_object_type_l(id,object_type_id,object_type_name,language_id,note,creation_date,created_by,last_update_date,last_updated_by,status) VALUES (40,130,'Нынешние трудности','ru',NULL,'2021-07-27','BYDEV',NULL,NULL,'D');
INSERT INTO thr_object_type_l(id,object_type_id,object_type_name,language_id,note,creation_date,created_by,last_update_date,last_updated_by,status) VALUES (41,140,'Текущая терапия','ru',NULL,'2021-07-27','BYDEV',NULL,NULL,'D');
INSERT INTO thr_object_type_l(id,object_type_id,object_type_name,language_id,note,creation_date,created_by,last_update_date,last_updated_by,status) VALUES (42,150,'Эпидемиологический анамнез','ru',NULL,'2021-07-27','BYDEV',NULL,NULL,'D');
INSERT INTO thr_object_type_l(id,object_type_id,object_type_name,language_id,note,creation_date,created_by,last_update_date,last_updated_by,status) VALUES (43,160,'Прививки','ru',NULL,'2021-07-27','BYDEV',NULL,NULL,'D');
INSERT INTO thr_object_type_l(id,object_type_id,object_type_name,language_id,note,creation_date,created_by,last_update_date,last_updated_by,status) VALUES (44,170,'Функции и привычки','ru',NULL,'2021-07-27','BYDEV',NULL,NULL,'D');
INSERT INTO thr_object_type_l(id,object_type_id,object_type_name,language_id,note,creation_date,created_by,last_update_date,last_updated_by,status) VALUES (45,180,'Аллергия','ru',NULL,'2021-07-27','BYDEV',NULL,NULL,'D');
INSERT INTO thr_object_type_l(id,object_type_id,object_type_name,language_id,note,creation_date,created_by,last_update_date,last_updated_by,status) VALUES (46,190,'Результаты диагностики','ru',NULL,'2021-07-27','BYDEV',NULL,NULL,'D');
INSERT INTO thr_object_type_l(id,object_type_id,object_type_name,language_id,note,creation_date,created_by,last_update_date,last_updated_by,status) VALUES (47,200,'Рекомендации','ru',NULL,'2021-07-27','BYDEV',NULL,NULL,'D');
INSERT INTO thr_object_type_l(id,object_type_id,object_type_name,language_id,note,creation_date,created_by,last_update_date,last_updated_by,status) VALUES (48,210,'Внутренние примечания','ru',NULL,'2021-07-27','BYDEV',NULL,NULL,'D');
INSERT INTO thr_object_type_l(id,object_type_id,object_type_name,language_id,note,creation_date,created_by,last_update_date,last_updated_by,status) VALUES (49,220,'Причина госпитализации','ru',NULL,'2021-07-27','BYDEV',NULL,NULL,'D');
INSERT INTO thr_object_type_l(id,object_type_id,object_type_name,language_id,note,creation_date,created_by,last_update_date,last_updated_by,status) VALUES (50,230,'Хирургические процедуры','ru',NULL,'2021-07-27','BYDEV',NULL,NULL,'D');
INSERT INTO thr_object_type_l(id,object_type_id,object_type_name,language_id,note,creation_date,created_by,last_update_date,last_updated_by,status) VALUES (51,240,'Текущие диагностические процедуры','ru',NULL,'2021-07-27','BYDEV',NULL,NULL,'D');
INSERT INTO thr_object_type_l(id,object_type_id,object_type_name,language_id,note,creation_date,created_by,last_update_date,last_updated_by,status) VALUES (52,250,'Статус при выписке','ru',NULL,'2021-07-27','BYDEV',NULL,NULL,'D');
INSERT INTO thr_object_type_l(id,object_type_id,object_type_name,language_id,note,creation_date,created_by,last_update_date,last_updated_by,status) VALUES (53,260,'Терапия при выписке','ru',NULL,'2021-07-27','BYDEV',NULL,NULL,'D');
INSERT INTO thr_object_type_l(id,object_type_id,object_type_name,language_id,note,creation_date,created_by,last_update_date,last_updated_by,status) VALUES (54,270,'Краткое описание лечения','ru',NULL,'2021-07-27','BYDEV',NULL,NULL,'D');
INSERT INTO thr_object_type_l(id,object_type_id,object_type_name,language_id,note,creation_date,created_by,last_update_date,last_updated_by,status) VALUES (55,280,'Decursus','en',NULL,'2021-10-07','BYDEV','2021-10-07','BYDEV','D');
INSERT INTO thr_object_type_l(id,object_type_id,object_type_name,language_id,note,creation_date,created_by,last_update_date,last_updated_by,status) VALUES (56,280,'Декурсус','ru',NULL,'2021-10-07','BYDEV','2021-10-07','BYDEV','D');
INSERT INTO thr_object_type_l(id,object_type_id,object_type_name,language_id,note,creation_date,created_by,last_update_date,last_updated_by,status) VALUES (57,290,'Temperature','en',NULL,'2021-10-07','BYDEV','2021-10-07','BYDEV','D');
INSERT INTO thr_object_type_l(id,object_type_id,object_type_name,language_id,note,creation_date,created_by,last_update_date,last_updated_by,status) VALUES (58,290,'Температура','ru',NULL,'2021-10-07','BYDEV','2021-10-07','BYDEV','D');
INSERT INTO thr_object_type_l(id,object_type_id,object_type_name,language_id,note,creation_date,created_by,last_update_date,last_updated_by,status) VALUES (59,300,'Pulse','en',NULL,'2021-10-07','BYDEV','2021-10-07','BYDEV','D');
INSERT INTO thr_object_type_l(id,object_type_id,object_type_name,language_id,note,creation_date,created_by,last_update_date,last_updated_by,status) VALUES (60,300,'Пульс','ru',NULL,'2021-10-07','BYDEV','2021-10-07','BYDEV','D');
INSERT INTO thr_object_type_l(id,object_type_id,object_type_name,language_id,note,creation_date,created_by,last_update_date,last_updated_by,status) VALUES (61,310,'Systolic pressure','en',NULL,'2021-10-07','BYDEV','2021-10-07','BYDEV','D');
INSERT INTO thr_object_type_l(id,object_type_id,object_type_name,language_id,note,creation_date,created_by,last_update_date,last_updated_by,status) VALUES (62,310,'Систолическое давление','ru',NULL,'2021-10-07','BYDEV','2021-10-07','BYDEV','D');
INSERT INTO thr_object_type_l(id,object_type_id,object_type_name,language_id,note,creation_date,created_by,last_update_date,last_updated_by,status) VALUES (63,311,'Diastolic pressure','en',NULL,'2021-10-07','BYDEV','2021-10-07','BYDEV','D');
INSERT INTO thr_object_type_l(id,object_type_id,object_type_name,language_id,note,creation_date,created_by,last_update_date,last_updated_by,status) VALUES (64,311,'Диастолическое давление','ru',NULL,'2021-10-07','BYDEV','2021-10-07','BYDEV','D');
INSERT INTO thr_object_type_l(id,object_type_id,object_type_name,language_id,note,creation_date,created_by,last_update_date,last_updated_by,status) VALUES (65,312,'Saturation','en',NULL,'2021-10-07','BYDEV','2021-10-07','BYDEV','D');
INSERT INTO thr_object_type_l(id,object_type_id,object_type_name,language_id,note,creation_date,created_by,last_update_date,last_updated_by,status) VALUES (66,312,'Сатурация','ru',NULL,'2021-10-07','BYDEV','2021-10-07','BYDEV','D');
INSERT INTO thr_object_type_l(id,object_type_id,object_type_name,language_id,note,creation_date,created_by,last_update_date,last_updated_by,status) VALUES (67,313,'Respiration','en',NULL,'2021-10-07','BYDEV','2021-10-07','BYDEV','D');
INSERT INTO thr_object_type_l(id,object_type_id,object_type_name,language_id,note,creation_date,created_by,last_update_date,last_updated_by,status) VALUES (68,313,'Pеспирация','ru',NULL,'2021-10-07','BYDEV','2021-10-07','BYDEV','D');
INSERT INTO thr_object_type_l(id,object_type_id,object_type_name,language_id,note,creation_date,created_by,last_update_date,last_updated_by,status) VALUES (69,41,'Text Item','en',NULL,'2021-10-19','BYDEV',NULL,NULL,'D');
INSERT INTO thr_object_type_l(id,object_type_id,object_type_name,language_id,note,creation_date,created_by,last_update_date,last_updated_by,status) VALUES (70,41,'Текстовый элемент','ru',NULL,'2021-10-19','BYDEV',NULL,NULL,'D');
INSERT INTO thr_object_type_l(id,object_type_id,object_type_name,language_id,note,creation_date,created_by,last_update_date,last_updated_by,status) VALUES (71,42,'Predefined Text Item','en',NULL,'2021-10-19','BYDEV',NULL,NULL,'D');
INSERT INTO thr_object_type_l(id,object_type_id,object_type_name,language_id,note,creation_date,created_by,last_update_date,last_updated_by,status) VALUES (72,42,'Предопределенный Текстовый Элемент','ru',NULL,'2021-10-19','BYDEV',NULL,NULL,'D');
INSERT INTO thr_object_type_l(id,object_type_id,object_type_name,language_id,note,creation_date,created_by,last_update_date,last_updated_by,status) VALUES (73,43,'Text Area','en',NULL,'2021-10-19','BYDEV',NULL,NULL,'D');
INSERT INTO thr_object_type_l(id,object_type_id,object_type_name,language_id,note,creation_date,created_by,last_update_date,last_updated_by,status) VALUES (74,43,'Текстовая область','ru',NULL,'2021-10-19','BYDEV',NULL,NULL,'D');
INSERT INTO thr_object_type_l(id,object_type_id,object_type_name,language_id,note,creation_date,created_by,last_update_date,last_updated_by,status) VALUES (75,44,'Predefined Text Area','en',NULL,'2021-10-19','BYDEV',NULL,NULL,'D');
INSERT INTO thr_object_type_l(id,object_type_id,object_type_name,language_id,note,creation_date,created_by,last_update_date,last_updated_by,status) VALUES (76,44,'Предопределенная область Текста','ru',NULL,'2021-10-19','BYDEV',NULL,NULL,'D');
INSERT INTO thr_object_type_l(id,object_type_id,object_type_name,language_id,note,creation_date,created_by,last_update_date,last_updated_by,status) VALUES (77,45,'Date Picker','en',NULL,'2021-10-19','BYDEV',NULL,NULL,'D');
INSERT INTO thr_object_type_l(id,object_type_id,object_type_name,language_id,note,creation_date,created_by,last_update_date,last_updated_by,status) VALUES (78,45,'Устройство для выбора Даты','ru',NULL,'2021-10-19','BYDEV',NULL,NULL,'D');
INSERT INTO thr_object_type_l(id,object_type_id,object_type_name,language_id,note,creation_date,created_by,last_update_date,last_updated_by,status) VALUES (79,46,'Predefined Date Picker','en',NULL,'2021-10-19','BYDEV',NULL,NULL,'D');
INSERT INTO thr_object_type_l(id,object_type_id,object_type_name,language_id,note,creation_date,created_by,last_update_date,last_updated_by,status) VALUES (80,46,'Предопределенное Средство Выбора Даты','ru',NULL,'2021-10-19','BYDEV',NULL,NULL,'D');
INSERT INTO thr_object_type_l(id,object_type_id,object_type_name,language_id,note,creation_date,created_by,last_update_date,last_updated_by,status) VALUES (81,47,'Check Box','en',NULL,'2021-10-19','BYDEV',NULL,NULL,'D');
INSERT INTO thr_object_type_l(id,object_type_id,object_type_name,language_id,note,creation_date,created_by,last_update_date,last_updated_by,status) VALUES (82,47,'Флажок','ru',NULL,'2021-10-19','BYDEV',NULL,NULL,'D');
INSERT INTO thr_object_type_l(id,object_type_id,object_type_name,language_id,note,creation_date,created_by,last_update_date,last_updated_by,status) VALUES (83,48,'Active Check Box','en',NULL,'2021-10-19','BYDEV',NULL,NULL,'D');
INSERT INTO thr_object_type_l(id,object_type_id,object_type_name,language_id,note,creation_date,created_by,last_update_date,last_updated_by,status) VALUES (84,48,'Активный Флажок','ru',NULL,'2021-10-19','BYDEV',NULL,NULL,'D');
INSERT INTO thr_object_type_l(id,object_type_id,object_type_name,language_id,note,creation_date,created_by,last_update_date,last_updated_by,status) VALUES (85,49,'Radio Button','en',NULL,'2021-10-19','BYDEV',NULL,NULL,'D');
INSERT INTO thr_object_type_l(id,object_type_id,object_type_name,language_id,note,creation_date,created_by,last_update_date,last_updated_by,status) VALUES (86,49,'Переключатель','ru',NULL,'2021-10-19','BYDEV',NULL,NULL,'D');
INSERT INTO thr_object_type_l(id,object_type_id,object_type_name,language_id,note,creation_date,created_by,last_update_date,last_updated_by,status) VALUES (87,51,'Active Radio Button','en',NULL,'2021-10-19','BYDEV',NULL,NULL,'D');
INSERT INTO thr_object_type_l(id,object_type_id,object_type_name,language_id,note,creation_date,created_by,last_update_date,last_updated_by,status) VALUES (88,51,'Активный Переключатель','ru',NULL,'2021-10-19','BYDEV',NULL,NULL,'D');
INSERT INTO thr_object_type_l(id,object_type_id,object_type_name,language_id,note,creation_date,created_by,last_update_date,last_updated_by,status) VALUES (89,52,'Select List','en',NULL,'2021-10-19','BYDEV',NULL,NULL,'D');
INSERT INTO thr_object_type_l(id,object_type_id,object_type_name,language_id,note,creation_date,created_by,last_update_date,last_updated_by,status) VALUES (90,52,'Список выбора','ru',NULL,'2021-10-19','BYDEV',NULL,NULL,'D');
INSERT INTO thr_object_type_l(id,object_type_id,object_type_name,language_id,note,creation_date,created_by,last_update_date,last_updated_by,status) VALUES (91,53,'Predefined Select List','en',NULL,'2021-10-19','BYDEV',NULL,NULL,'D');
INSERT INTO thr_object_type_l(id,object_type_id,object_type_name,language_id,note,creation_date,created_by,last_update_date,last_updated_by,status) VALUES (92,53,'Предопределенный список выбора','ru',NULL,'2021-10-19','BYDEV',NULL,NULL,'D');
INSERT INTO thr_object_type_l(id,object_type_id,object_type_name,language_id,note,creation_date,created_by,last_update_date,last_updated_by,status) VALUES (93,54,'LOV','en',NULL,'2021-10-19','BYDEV',NULL,NULL,'D');
INSERT INTO thr_object_type_l(id,object_type_id,object_type_name,language_id,note,creation_date,created_by,last_update_date,last_updated_by,status) VALUES (94,54,'ЛОВ','ru',NULL,'2021-10-19','BYDEV',NULL,NULL,'D');
INSERT INTO thr_object_type_l(id,object_type_id,object_type_name,language_id,note,creation_date,created_by,last_update_date,last_updated_by,status) VALUES (95,55,'Predefined LOV','en',NULL,'2021-10-19','BYDEV',NULL,NULL,'D');
INSERT INTO thr_object_type_l(id,object_type_id,object_type_name,language_id,note,creation_date,created_by,last_update_date,last_updated_by,status) VALUES (96,55,'Предопределенная ЛОВ','ru',NULL,'2021-10-19','BYDEV',NULL,NULL,'D');
INSERT INTO thr_object_type_l(id,object_type_id,object_type_name,language_id,note,creation_date,created_by,last_update_date,last_updated_by,status) VALUES (97,56,'Number','en',NULL,'2021-10-19','BYDEV',NULL,NULL,'D');
INSERT INTO thr_object_type_l(id,object_type_id,object_type_name,language_id,note,creation_date,created_by,last_update_date,last_updated_by,status) VALUES (98,56,'Номер','ru',NULL,'2021-10-19','BYDEV',NULL,NULL,'D');
INSERT INTO thr_object_type_l(id,object_type_id,object_type_name,language_id,note,creation_date,created_by,last_update_date,last_updated_by,status) VALUES (99,57,'Decimal Number','en',NULL,'2021-10-19','BYDEV',NULL,NULL,'D');
INSERT INTO thr_object_type_l(id,object_type_id,object_type_name,language_id,note,creation_date,created_by,last_update_date,last_updated_by,status) VALUES (100,57,'Десятичное число','ru',NULL,'2021-10-19','BYDEV',NULL,NULL,'D');
INSERT INTO thr_object_type_l(id,object_type_id,object_type_name,language_id,note,creation_date,created_by,last_update_date,last_updated_by,status) VALUES (101,58,'Number with Min/Max (5 - 10)','en',NULL,'2021-10-19','BYDEV',NULL,NULL,'D');
INSERT INTO thr_object_type_l(id,object_type_id,object_type_name,language_id,note,creation_date,created_by,last_update_date,last_updated_by,status) VALUES (102,58,'Число с Мин/Макс (5 - 10)','ru',NULL,'2021-10-19','BYDEV',NULL,NULL,'D');
INSERT INTO thr_object_type_l(id,object_type_id,object_type_name,language_id,note,creation_date,created_by,last_update_date,last_updated_by,status) VALUES (103,59,'Decimal Number with Min/Max (2.19 - 10.89)','en',NULL,'2021-10-19','BYDEV',NULL,NULL,'D');
INSERT INTO thr_object_type_l(id,object_type_id,object_type_name,language_id,note,creation_date,created_by,last_update_date,last_updated_by,status) VALUES (104,59,'Десятичное число с мин/макс значением (2,19- 10,89)','ru',NULL,'2021-10-19','BYDEV',NULL,NULL,'D');
INSERT INTO thr_object_type_l(id,object_type_id,object_type_name,language_id,note,creation_date,created_by,last_update_date,last_updated_by,status) VALUES (105,61,'Master LOV','en',NULL,'2021-10-22','BYDEV',NULL,NULL,'D');
INSERT INTO thr_object_type_l(id,object_type_id,object_type_name,language_id,note,creation_date,created_by,last_update_date,last_updated_by,status) VALUES (107,62,'Child LOV','en',NULL,'2021-10-22','BYDEV',NULL,NULL,'D');
INSERT INTO thr_object_type_l(id,object_type_id,object_type_name,language_id,note,creation_date,created_by,last_update_date,last_updated_by,status) VALUES (106,61,'Мастер ЛОВ','ru',NULL,'2021-10-22','BYDEV',NULL,NULL,'D');
INSERT INTO thr_object_type_l(id,object_type_id,object_type_name,language_id,note,creation_date,created_by,last_update_date,last_updated_by,status) VALUES (108,62,'Ребенок ЛОВ','ru',NULL,'2021-10-22','BYDEV',NULL,NULL,'D');
INSERT INTO thr_object_type_l(id,object_type_id,object_type_name,language_id,note,creation_date,created_by,last_update_date,last_updated_by,status) VALUES (117,318,'Triage category','en',NULL,'2021-10-07','BYDEV','2021-10-07',NULL,'D');
INSERT INTO thr_object_type_l(id,object_type_id,object_type_name,language_id,note,creation_date,created_by,last_update_date,last_updated_by,status) VALUES (118,319,'Patient location','en',NULL,'2021-10-07','BYDEV','2021-10-07',NULL,'D');
INSERT INTO thr_object_type_l(id,object_type_id,object_type_name,language_id,note,creation_date,created_by,last_update_date,last_updated_by,status) VALUES (119,320,'Walk in','en',NULL,'2021-10-07','BYDEV','2021-10-07',NULL,'D');
INSERT INTO thr_object_type_l(id,object_type_id,object_type_name,language_id,note,creation_date,created_by,last_update_date,last_updated_by,status) VALUES (120,321,'Allergies','en',NULL,'2021-10-07','BYDEV','2021-10-07',NULL,'D');
INSERT INTO thr_object_type_l(id,object_type_id,object_type_name,language_id,note,creation_date,created_by,last_update_date,last_updated_by,status) VALUES (121,322,'Patient present','en',NULL,'2021-10-07','BYDEV','2021-10-07',NULL,'D');
INSERT INTO thr_object_type_l(id,object_type_id,object_type_name,language_id,note,creation_date,created_by,last_update_date,last_updated_by,status) VALUES (122,323,'IV cannula','en',NULL,'2021-10-07','BYDEV','2021-10-07',NULL,'D');
INSERT INTO thr_object_type_l(id,object_type_id,object_type_name,language_id,note,creation_date,created_by,last_update_date,last_updated_by,status) VALUES (123,324,'Car accident','en',NULL,'2021-10-07','BYDEV','2021-10-07',NULL,'D');
INSERT INTO thr_object_type_l(id,object_type_id,object_type_name,language_id,note,creation_date,created_by,last_update_date,last_updated_by,status) VALUES (124,325,'Cardiac symptoms','en',NULL,'2021-10-07','BYDEV','2021-10-07',NULL,'D');
INSERT INTO thr_object_type_l(id,object_type_id,object_type_name,language_id,note,creation_date,created_by,last_update_date,last_updated_by,status) VALUES (125,326,'Current problems','en',NULL,'2021-10-07','BYDEV','2021-10-07',NULL,'D');
INSERT INTO thr_object_type_l(id,object_type_id,object_type_name,language_id,note,creation_date,created_by,last_update_date,last_updated_by,status) VALUES (126,327,'Injury mechanisms','en',NULL,'2021-10-07','BYDEV','2021-10-07',NULL,'D');
INSERT INTO thr_object_type_l(id,object_type_id,object_type_name,language_id,note,creation_date,created_by,last_update_date,last_updated_by,status) VALUES (127,328,'Hospiltalisation','en',NULL,'2021-10-07','BYDEV','2021-10-07',NULL,'D');
INSERT INTO thr_object_type_l(id,object_type_id,object_type_name,language_id,note,creation_date,created_by,last_update_date,last_updated_by,status) VALUES (128,329,'Other notes','en',NULL,'2021-10-07','BYDEV','2021-10-07',NULL,'D');
INSERT INTO thr_object_type_l(id,object_type_id,object_type_name,language_id,note,creation_date,created_by,last_update_date,last_updated_by,status) VALUES (135,336,'AVPU','en',NULL,'2021-10-07','BYDEV','2021-10-07',NULL,'D');
INSERT INTO thr_object_type_l(id,object_type_id,object_type_name,language_id,note,creation_date,created_by,last_update_date,last_updated_by,status) VALUES (136,337,'Pain','en',NULL,'2021-10-07','BYDEV','2021-10-07',NULL,'D');
INSERT INTO thr_object_type_l(id,object_type_id,object_type_name,language_id,note,creation_date,created_by,last_update_date,last_updated_by,status) VALUES (137,338,'Blood glucose','en',NULL,'2021-10-07','BYDEV','2021-10-07',NULL,'D');
INSERT INTO thr_object_type_l(id,object_type_id,object_type_name,language_id,note,creation_date,created_by,last_update_date,last_updated_by,status) VALUES (138,339,'Time','en',NULL,'2021-10-07','BYDEV','2021-10-07',NULL,'D');
INSERT INTO thr_object_type_l(id,object_type_id,object_type_name,language_id,note,creation_date,created_by,last_update_date,last_updated_by,status) VALUES (139,318,'Категория сортировки','ru','BYDEV','2021-10-07','BYDEV','2021-10-07',NULL,'D');
INSERT INTO thr_object_type_l(id,object_type_id,object_type_name,language_id,note,creation_date,created_by,last_update_date,last_updated_by,status) VALUES (140,319,'Местоположение пациента','ru','BYDEV','2021-10-07','BYDEV','2021-10-07',NULL,'D');
INSERT INTO thr_object_type_l(id,object_type_id,object_type_name,language_id,note,creation_date,created_by,last_update_date,last_updated_by,status) VALUES (141,320,'Войти','ru',NULL,'2021-10-07','BYDEV','2021-10-07',NULL,'D');
INSERT INTO thr_object_type_l(id,object_type_id,object_type_name,language_id,note,creation_date,created_by,last_update_date,last_updated_by,status) VALUES (142,321,'Аллергии','ru',NULL,'2021-10-07','BYDEV','2021-10-07',NULL,'D');
INSERT INTO thr_object_type_l(id,object_type_id,object_type_name,language_id,note,creation_date,created_by,last_update_date,last_updated_by,status) VALUES (143,322,'Присутствующий пациент','ru',NULL,'2021-10-07','BYDEV','2021-10-07',NULL,'D');
INSERT INTO thr_object_type_l(id,object_type_id,object_type_name,language_id,note,creation_date,created_by,last_update_date,last_updated_by,status) VALUES (144,323,'Внутривенная канюля','ru',NULL,'2021-10-07','BYDEV','2021-10-07',NULL,'D');
INSERT INTO thr_object_type_l(id,object_type_id,object_type_name,language_id,note,creation_date,created_by,last_update_date,last_updated_by,status) VALUES (145,324,'Автомобильная авария','ru',NULL,'2021-10-07','BYDEV','2021-10-07',NULL,'D');
INSERT INTO thr_object_type_l(id,object_type_id,object_type_name,language_id,note,creation_date,created_by,last_update_date,last_updated_by,status) VALUES (146,325,'Сердечные симптомы','ru',NULL,'2021-10-07','BYDEV','2021-10-07',NULL,'D');
INSERT INTO thr_object_type_l(id,object_type_id,object_type_name,language_id,note,creation_date,created_by,last_update_date,last_updated_by,status) VALUES (147,326,'Текущие проблемы','ru',NULL,'2021-10-07','BYDEV','2021-10-07',NULL,'D');
INSERT INTO thr_object_type_l(id,object_type_id,object_type_name,language_id,note,creation_date,created_by,last_update_date,last_updated_by,status) VALUES (148,327,'Механизмы травмы','ru',NULL,'2021-10-07','BYDEV','2021-10-07',NULL,'D');
INSERT INTO thr_object_type_l(id,object_type_id,object_type_name,language_id,note,creation_date,created_by,last_update_date,last_updated_by,status) VALUES (149,328,'Госпитализация','ru',NULL,'2021-10-07','BYDEV','2021-10-07',NULL,'D');
INSERT INTO thr_object_type_l(id,object_type_id,object_type_name,language_id,note,creation_date,created_by,last_update_date,last_updated_by,status) VALUES (150,329,'Другие примечания','ru',NULL,'2021-10-07','BYDEV','2021-10-07',NULL,'D');
INSERT INTO thr_object_type_l(id,object_type_id,object_type_name,language_id,note,creation_date,created_by,last_update_date,last_updated_by,status) VALUES (179,349,'Assessment','en',NULL,'2022-02-08','BYDEV',NULL,NULL,'D');
INSERT INTO thr_object_type_l(id,object_type_id,object_type_name,language_id,note,creation_date,created_by,last_update_date,last_updated_by,status) VALUES (180,349,'Оценка','ru',NULL,'2022-02-08','BYDEV',NULL,NULL,'D');
INSERT INTO thr_object_type_l(id,object_type_id,object_type_name,language_id,note,creation_date,created_by,last_update_date,last_updated_by,status) VALUES (181,350,'date of initial inspection','en',NULL,'2022-02-15','BYDEV',NULL,NULL,'D');
INSERT INTO thr_object_type_l(id,object_type_id,object_type_name,language_id,note,creation_date,created_by,last_update_date,last_updated_by,status) VALUES (182,351,'Complaints','en',NULL,'2022-02-15','BYDEV',NULL,NULL,'D');
INSERT INTO thr_object_type_l(id,object_type_id,object_type_name,language_id,note,creation_date,created_by,last_update_date,last_updated_by,status) VALUES (183,352,'Examined for scabies','en',NULL,'2022-02-15','BYDEV',NULL,NULL,'D');
INSERT INTO thr_object_type_l(id,object_type_id,object_type_name,language_id,note,creation_date,created_by,last_update_date,last_updated_by,status) VALUES (184,353,'(Exsaminded) on pediculosis','en',NULL,'2022-02-15','BYDEV',NULL,NULL,'D');
INSERT INTO thr_object_type_l(id,object_type_id,object_type_name,language_id,note,creation_date,created_by,last_update_date,last_updated_by,status) VALUES (157,336,'АВПУ','ru',NULL,'2021-10-07','BYDEV','2021-10-07',NULL,'D');
INSERT INTO thr_object_type_l(id,object_type_id,object_type_name,language_id,note,creation_date,created_by,last_update_date,last_updated_by,status) VALUES (158,337,'Боль','ru',NULL,'2021-10-07','BYDEV','2021-10-07',NULL,'D');
INSERT INTO thr_object_type_l(id,object_type_id,object_type_name,language_id,note,creation_date,created_by,last_update_date,last_updated_by,status) VALUES (159,338,'Уровень глюкозы в крови','ru',NULL,'2021-10-07','BYDEV','2021-10-07',NULL,'D');
INSERT INTO thr_object_type_l(id,object_type_id,object_type_name,language_id,note,creation_date,created_by,last_update_date,last_updated_by,status) VALUES (160,339,'Время','ru',NULL,'2021-10-07','BYDEV','2021-10-07',NULL,'D');
INSERT INTO thr_object_type_l(id,object_type_id,object_type_name,language_id,note,creation_date,created_by,last_update_date,last_updated_by,status) VALUES (161,340,'Eyes Open','en',NULL,'2022-01-21','BYDEV',NULL,NULL,'D');
INSERT INTO thr_object_type_l(id,object_type_id,object_type_name,language_id,note,creation_date,created_by,last_update_date,last_updated_by,status) VALUES (162,340,'Глаза Открыты','ru',NULL,'2022-01-21','BYDEV',NULL,NULL,'D');
INSERT INTO thr_object_type_l(id,object_type_id,object_type_name,language_id,note,creation_date,created_by,last_update_date,last_updated_by,status) VALUES (163,341,'Verbal','en',NULL,'2022-01-21','BYDEV',NULL,NULL,'D');
INSERT INTO thr_object_type_l(id,object_type_id,object_type_name,language_id,note,creation_date,created_by,last_update_date,last_updated_by,status) VALUES (164,341,'Вербализм','ru',NULL,'2022-01-21','BYDEV',NULL,NULL,'D');
INSERT INTO thr_object_type_l(id,object_type_id,object_type_name,language_id,note,creation_date,created_by,last_update_date,last_updated_by,status) VALUES (165,342,'Motor','en',NULL,'2022-01-21','BYDEV',NULL,NULL,'D');
INSERT INTO thr_object_type_l(id,object_type_id,object_type_name,language_id,note,creation_date,created_by,last_update_date,last_updated_by,status) VALUES (166,342,'Моторность','ru',NULL,'2022-01-21','BYDEV',NULL,NULL,'D');
INSERT INTO thr_object_type_l(id,object_type_id,object_type_name,language_id,note,creation_date,created_by,last_update_date,last_updated_by,status) VALUES (30,30,'Вывод','ru',NULL,'2021-07-07','BYDEV',NULL,NULL,'D');
INSERT INTO thr_object_type_l(id,object_type_id,object_type_name,language_id,note,creation_date,created_by,last_update_date,last_updated_by,status) VALUES (167,343,'Patient Weight','en',NULL,'2022-02-01','BYDEV',NULL,NULL,'D');
INSERT INTO thr_object_type_l(id,object_type_id,object_type_name,language_id,note,creation_date,created_by,last_update_date,last_updated_by,status) VALUES (168,343,'Вес пациента','ru',NULL,'2022-02-01','BYDEV',NULL,NULL,'D');
INSERT INTO thr_object_type_l(id,object_type_id,object_type_name,language_id,note,creation_date,created_by,last_update_date,last_updated_by,status) VALUES (169,344,'Patient Height','en',NULL,'2022-02-01','BYDEV',NULL,NULL,'D');
INSERT INTO thr_object_type_l(id,object_type_id,object_type_name,language_id,note,creation_date,created_by,last_update_date,last_updated_by,status) VALUES (170,344,'Рост пациента','ru',NULL,'2022-02-01','BYDEV',NULL,NULL,'D');
INSERT INTO thr_object_type_l(id,object_type_id,object_type_name,language_id,note,creation_date,created_by,last_update_date,last_updated_by,status) VALUES (171,345,'Head Circumference','en',NULL,'2022-02-01','BYDEV',NULL,NULL,'D');
INSERT INTO thr_object_type_l(id,object_type_id,object_type_name,language_id,note,creation_date,created_by,last_update_date,last_updated_by,status) VALUES (172,345,'Окружность головы','ru',NULL,'2022-02-01','BYDEV',NULL,NULL,'D');
INSERT INTO thr_object_type_l(id,object_type_id,object_type_name,language_id,note,creation_date,created_by,last_update_date,last_updated_by,status) VALUES (173,346,'Gestational Age','en',NULL,'2022-02-01','BYDEV',NULL,NULL,'D');
INSERT INTO thr_object_type_l(id,object_type_id,object_type_name,language_id,note,creation_date,created_by,last_update_date,last_updated_by,status) VALUES (174,346,'Гестационный возраст','ru',NULL,'2022-02-01','BYDEV',NULL,NULL,'D');
INSERT INTO thr_object_type_l(id,object_type_id,object_type_name,language_id,note,creation_date,created_by,last_update_date,last_updated_by,status) VALUES (175,347,'Gender','en',NULL,'2022-02-01','BYDEV',NULL,NULL,'D');
INSERT INTO thr_object_type_l(id,object_type_id,object_type_name,language_id,note,creation_date,created_by,last_update_date,last_updated_by,status) VALUES (176,347,'Пол','ru',NULL,'2022-02-01','BYDEV',NULL,NULL,'D');
INSERT INTO thr_object_type_l(id,object_type_id,object_type_name,language_id,note,creation_date,created_by,last_update_date,last_updated_by,status) VALUES (177,348,'Age','en',NULL,'2022-02-01','BYDEV',NULL,NULL,'D');
INSERT INTO thr_object_type_l(id,object_type_id,object_type_name,language_id,note,creation_date,created_by,last_update_date,last_updated_by,status) VALUES (178,348,'Возраст','ru',NULL,'2022-02-01','BYDEV',NULL,NULL,'D');
INSERT INTO thr_object_type_l(id,object_type_id,object_type_name,language_id,note,creation_date,created_by,last_update_date,last_updated_by,status) VALUES (185,354,'Interviewed for teniosis','en',NULL,'2022-02-15','BYDEV',NULL,NULL,'D');
INSERT INTO thr_object_type_l(id,object_type_id,object_type_name,language_id,note,creation_date,created_by,last_update_date,last_updated_by,status) VALUES (187,356,'General condition','en',NULL,'2022-02-15','BYDEV',NULL,NULL,'D');
INSERT INTO thr_object_type_l(id,object_type_id,object_type_name,language_id,note,creation_date,created_by,last_update_date,last_updated_by,status) VALUES (188,357,'Consciousness','en',NULL,'2022-02-15','BYDEV',NULL,NULL,'D');
INSERT INTO thr_object_type_l(id,object_type_id,object_type_name,language_id,note,creation_date,created_by,last_update_date,last_updated_by,status) VALUES (190,359,'BMI','en',NULL,'2022-02-15','BYDEV',NULL,NULL,'D');
INSERT INTO thr_object_type_l(id,object_type_id,object_type_name,language_id,note,creation_date,created_by,last_update_date,last_updated_by,status) VALUES (193,362,'Skin','en',NULL,'2022-02-15','BYDEV',NULL,NULL,'D');
INSERT INTO thr_object_type_l(id,object_type_id,object_type_name,language_id,note,creation_date,created_by,last_update_date,last_updated_by,status) VALUES (194,363,'Visible mucous membranes','en',NULL,'2022-02-15','BYDEV',NULL,NULL,'D');
INSERT INTO thr_object_type_l(id,object_type_id,object_type_name,language_id,note,creation_date,created_by,last_update_date,last_updated_by,status) VALUES (195,364,'Palatine tonsils','en',NULL,'2022-02-15','BYDEV',NULL,NULL,'D');
INSERT INTO thr_object_type_l(id,object_type_id,object_type_name,language_id,note,creation_date,created_by,last_update_date,last_updated_by,status) VALUES (196,365,'Lymph nodes','en',NULL,'2022-02-15','BYDEV',NULL,NULL,'D');
INSERT INTO thr_object_type_l(id,object_type_id,object_type_name,language_id,note,creation_date,created_by,last_update_date,last_updated_by,status) VALUES (197,366,'Thyroid gland','en',NULL,'2022-02-15','BYDEV',NULL,NULL,'D');
INSERT INTO thr_object_type_l(id,object_type_id,object_type_name,language_id,note,creation_date,created_by,last_update_date,last_updated_by,status) VALUES (198,367,'Bone and joint system','en',NULL,'2022-02-15','BYDEV',NULL,NULL,'D');
INSERT INTO thr_object_type_l(id,object_type_id,object_type_name,language_id,note,creation_date,created_by,last_update_date,last_updated_by,status) VALUES (199,368,'The muscular system','en',NULL,'2022-02-15','BYDEV',NULL,NULL,'D');
INSERT INTO thr_object_type_l(id,object_type_id,object_type_name,language_id,note,creation_date,created_by,last_update_date,last_updated_by,status) VALUES (200,369,'Lungs','en',NULL,'2022-02-15','BYDEV',NULL,NULL,'D');
INSERT INTO thr_object_type_l(id,object_type_id,object_type_name,language_id,note,creation_date,created_by,last_update_date,last_updated_by,status) VALUES (201,370,'Lungs (Percussion sound)','en',NULL,'2022-02-15','BYDEV',NULL,NULL,'D');
INSERT INTO thr_object_type_l(id,object_type_id,object_type_name,language_id,note,creation_date,created_by,last_update_date,last_updated_by,status) VALUES (202,371,'Respiratory noises','en',NULL,'2022-02-15','BYDEV',NULL,NULL,'D');
INSERT INTO thr_object_type_l(id,object_type_id,object_type_name,language_id,note,creation_date,created_by,last_update_date,last_updated_by,status) VALUES (203,372,'Wheezing','en',NULL,'2022-02-15','BYDEV',NULL,NULL,'D');
INSERT INTO thr_object_type_l(id,object_type_id,object_type_name,language_id,note,creation_date,created_by,last_update_date,last_updated_by,status) VALUES (205,374,'Filling','en',NULL,'2022-02-15','BYDEV',NULL,NULL,'D');
INSERT INTO thr_object_type_l(id,object_type_id,object_type_name,language_id,note,creation_date,created_by,last_update_date,last_updated_by,status) VALUES (206,375,'Pulse deficit','en',NULL,'2022-02-15','BYDEV',NULL,NULL,'D');
INSERT INTO thr_object_type_l(id,object_type_id,object_type_name,language_id,note,creation_date,created_by,last_update_date,last_updated_by,status) VALUES (208,377,'Heart','en',NULL,'2022-02-15','BYDEV',NULL,NULL,'D');
INSERT INTO thr_object_type_l(id,object_type_id,object_type_name,language_id,note,creation_date,created_by,last_update_date,last_updated_by,status) VALUES (209,378,'Boundaries of relative sensitivity','en',NULL,'2022-02-15','BYDEV',NULL,NULL,'D');
INSERT INTO thr_object_type_l(id,object_type_id,object_type_name,language_id,note,creation_date,created_by,last_update_date,last_updated_by,status) VALUES (210,379,'Tongue','en',NULL,'2022-02-15','BYDEV',NULL,NULL,'D');
INSERT INTO thr_object_type_l(id,object_type_id,object_type_name,language_id,note,creation_date,created_by,last_update_date,last_updated_by,status) VALUES (211,380,'Abdomen','en',NULL,'2022-02-15','BYDEV',NULL,NULL,'D');
INSERT INTO thr_object_type_l(id,object_type_id,object_type_name,language_id,note,creation_date,created_by,last_update_date,last_updated_by,status) VALUES (212,381,'Liver','en',NULL,'2022-02-15','BYDEV',NULL,NULL,'D');
INSERT INTO thr_object_type_l(id,object_type_id,object_type_name,language_id,note,creation_date,created_by,last_update_date,last_updated_by,status) VALUES (213,382,'Liver (Edge)','en',NULL,'2022-02-15','BYDEV',NULL,NULL,'D');
INSERT INTO thr_object_type_l(id,object_type_id,object_type_name,language_id,note,creation_date,created_by,last_update_date,last_updated_by,status) VALUES (214,383,'Spleen','en',NULL,'2022-02-15','BYDEV',NULL,NULL,'D');
INSERT INTO thr_object_type_l(id,object_type_id,object_type_name,language_id,note,creation_date,created_by,last_update_date,last_updated_by,status) VALUES (215,384,'Kidneys','en',NULL,'2022-02-15','BYDEV',NULL,NULL,'D');
INSERT INTO thr_object_type_l(id,object_type_id,object_type_name,language_id,note,creation_date,created_by,last_update_date,last_updated_by,status) VALUES (216,385,'Urination','en',NULL,'2022-02-15','BYDEV',NULL,NULL,'D');
INSERT INTO thr_object_type_l(id,object_type_id,object_type_name,language_id,note,creation_date,created_by,last_update_date,last_updated_by,status) VALUES (217,386,'Nikturia','en',NULL,'2022-02-15','BYDEV',NULL,NULL,'D');
INSERT INTO thr_object_type_l(id,object_type_id,object_type_name,language_id,note,creation_date,created_by,last_update_date,last_updated_by,status) VALUES (218,387,'Stool','en',NULL,'2022-02-15','BYDEV',NULL,NULL,'D');
INSERT INTO thr_object_type_l(id,object_type_id,object_type_name,language_id,note,creation_date,created_by,last_update_date,last_updated_by,status) VALUES (219,388,'Melena','en',NULL,'2022-02-15','BYDEV',NULL,NULL,'D');
INSERT INTO thr_object_type_l(id,object_type_id,object_type_name,language_id,note,creation_date,created_by,last_update_date,last_updated_by,status) VALUES (220,389,'Edema','en',NULL,'2022-02-15','BYDEV',NULL,NULL,'D');
INSERT INTO thr_object_type_l(id,object_type_id,object_type_name,language_id,note,creation_date,created_by,last_update_date,last_updated_by,status) VALUES (221,390,'Additional data','en',NULL,'2022-02-15','BYDEV',NULL,NULL,'D');
INSERT INTO thr_object_type_l(id,object_type_id,object_type_name,language_id,note,creation_date,created_by,last_update_date,last_updated_by,status) VALUES (223,392,'Sheet of temporary incapacity series','en',NULL,'2022-02-15','BYDEV',NULL,NULL,'D');
INSERT INTO thr_object_type_l(id,object_type_id,object_type_name,language_id,note,creation_date,created_by,last_update_date,last_updated_by,status) VALUES (224,393,'Mode','en',NULL,'2022-02-15','BYDEV',NULL,NULL,'D');
INSERT INTO thr_object_type_l(id,object_type_id,object_type_name,language_id,note,creation_date,created_by,last_update_date,last_updated_by,status) VALUES (225,394,'Repeated inspection','en',NULL,'2022-02-15','BYDEV',NULL,NULL,'D');
INSERT INTO thr_object_type_l(id,object_type_id,object_type_name,language_id,note,creation_date,created_by,last_update_date,last_updated_by,status) VALUES (226,350,'дата первичного осмотра','ru',NULL,'2022-02-15','BYDEV',NULL,NULL,'D');
INSERT INTO thr_object_type_l(id,object_type_id,object_type_name,language_id,note,creation_date,created_by,last_update_date,last_updated_by,status) VALUES (227,351,'Жалобы','ru',NULL,'2022-02-15','BYDEV',NULL,NULL,'D');
INSERT INTO thr_object_type_l(id,object_type_id,object_type_name,language_id,note,creation_date,created_by,last_update_date,last_updated_by,status) VALUES (228,352,'Осмотрен(а) на чесотку','ru',NULL,'2022-02-15','BYDEV',NULL,NULL,'D');
INSERT INTO thr_object_type_l(id,object_type_id,object_type_name,language_id,note,creation_date,created_by,last_update_date,last_updated_by,status) VALUES (229,353,'на педикулез','ru',NULL,'2022-02-15','BYDEV',NULL,NULL,'D');
INSERT INTO thr_object_type_l(id,object_type_id,object_type_name,language_id,note,creation_date,created_by,last_update_date,last_updated_by,status) VALUES (230,354,'Опрошен(а) на тениоз','ru',NULL,'2022-02-15','BYDEV',NULL,NULL,'D');
INSERT INTO thr_object_type_l(id,object_type_id,object_type_name,language_id,note,creation_date,created_by,last_update_date,last_updated_by,status) VALUES (232,356,'Общее   состояние','ru',NULL,'2022-02-15','BYDEV',NULL,NULL,'D');
INSERT INTO thr_object_type_l(id,object_type_id,object_type_name,language_id,note,creation_date,created_by,last_update_date,last_updated_by,status) VALUES (233,357,'Сознание','ru',NULL,'2022-02-15','BYDEV',NULL,NULL,'D');
INSERT INTO thr_object_type_l(id,object_type_id,object_type_name,language_id,note,creation_date,created_by,last_update_date,last_updated_by,status) VALUES (235,359,'ИМТ','ru',NULL,'2022-02-15','BYDEV',NULL,NULL,'D');
INSERT INTO thr_object_type_l(id,object_type_id,object_type_name,language_id,note,creation_date,created_by,last_update_date,last_updated_by,status) VALUES (238,362,'Кожные   покровы','ru',NULL,'2022-02-15','BYDEV',NULL,NULL,'D');
INSERT INTO thr_object_type_l(id,object_type_id,object_type_name,language_id,note,creation_date,created_by,last_update_date,last_updated_by,status) VALUES (239,363,'Видимые  слизистые','ru',NULL,'2022-02-15','BYDEV',NULL,NULL,'D');
INSERT INTO thr_object_type_l(id,object_type_id,object_type_name,language_id,note,creation_date,created_by,last_update_date,last_updated_by,status) VALUES (240,364,'Небные миндалины','ru',NULL,'2022-02-15','BYDEV',NULL,NULL,'D');
INSERT INTO thr_object_type_l(id,object_type_id,object_type_name,language_id,note,creation_date,created_by,last_update_date,last_updated_by,status) VALUES (241,365,'Лимфатические  узлы','ru',NULL,'2022-02-15','BYDEV',NULL,NULL,'D');
INSERT INTO thr_object_type_l(id,object_type_id,object_type_name,language_id,note,creation_date,created_by,last_update_date,last_updated_by,status) VALUES (242,366,'Щитовидная железа','ru',NULL,'2022-02-15','BYDEV',NULL,NULL,'D');
INSERT INTO thr_object_type_l(id,object_type_id,object_type_name,language_id,note,creation_date,created_by,last_update_date,last_updated_by,status) VALUES (243,367,'Костно-суставная  система','ru',NULL,'2022-02-15','BYDEV',NULL,NULL,'D');
INSERT INTO thr_object_type_l(id,object_type_id,object_type_name,language_id,note,creation_date,created_by,last_update_date,last_updated_by,status) VALUES (244,368,'Мышечная система','ru',NULL,'2022-02-15','BYDEV',NULL,NULL,'D');
INSERT INTO thr_object_type_l(id,object_type_id,object_type_name,language_id,note,creation_date,created_by,last_update_date,last_updated_by,status) VALUES (245,369,'Легкие','ru',NULL,'2022-02-15','BYDEV',NULL,NULL,'D');
INSERT INTO thr_object_type_l(id,object_type_id,object_type_name,language_id,note,creation_date,created_by,last_update_date,last_updated_by,status) VALUES (246,370,'Легкие (Перкуторный звук)','ru',NULL,'2022-02-15','BYDEV',NULL,NULL,'D');
INSERT INTO thr_object_type_l(id,object_type_id,object_type_name,language_id,note,creation_date,created_by,last_update_date,last_updated_by,status) VALUES (247,371,'Дыхательные шумы','ru',NULL,'2022-02-15','BYDEV',NULL,NULL,'D');
INSERT INTO thr_object_type_l(id,object_type_id,object_type_name,language_id,note,creation_date,created_by,last_update_date,last_updated_by,status) VALUES (248,372,'хрипы','ru',NULL,'2022-02-15','BYDEV',NULL,NULL,'D');
INSERT INTO thr_object_type_l(id,object_type_id,object_type_name,language_id,note,creation_date,created_by,last_update_date,last_updated_by,status) VALUES (250,374,'Наполнение','ru',NULL,'2022-02-15','BYDEV',NULL,NULL,'D');
INSERT INTO thr_object_type_l(id,object_type_id,object_type_name,language_id,note,creation_date,created_by,last_update_date,last_updated_by,status) VALUES (251,375,'Дефицит пульса','ru',NULL,'2022-02-15','BYDEV',NULL,NULL,'D');
INSERT INTO thr_object_type_l(id,object_type_id,object_type_name,language_id,note,creation_date,created_by,last_update_date,last_updated_by,status) VALUES (253,377,'Сердце','ru',NULL,'2022-02-15','BYDEV',NULL,NULL,'D');
INSERT INTO thr_object_type_l(id,object_type_id,object_type_name,language_id,note,creation_date,created_by,last_update_date,last_updated_by,status) VALUES (254,378,'границы   относительной   тупости','ru',NULL,'2022-02-15','BYDEV',NULL,NULL,'D');
INSERT INTO thr_object_type_l(id,object_type_id,object_type_name,language_id,note,creation_date,created_by,last_update_date,last_updated_by,status) VALUES (255,379,'Язык','ru',NULL,'2022-02-15','BYDEV',NULL,NULL,'D');
INSERT INTO thr_object_type_l(id,object_type_id,object_type_name,language_id,note,creation_date,created_by,last_update_date,last_updated_by,status) VALUES (256,380,'Живот','ru',NULL,'2022-02-15','BYDEV',NULL,NULL,'D');
INSERT INTO thr_object_type_l(id,object_type_id,object_type_name,language_id,note,creation_date,created_by,last_update_date,last_updated_by,status) VALUES (257,381,'Печень','ru',NULL,'2022-02-15','BYDEV',NULL,NULL,'D');
INSERT INTO thr_object_type_l(id,object_type_id,object_type_name,language_id,note,creation_date,created_by,last_update_date,last_updated_by,status) VALUES (258,382,'Печень (Край)','ru',NULL,'2022-02-15','BYDEV',NULL,NULL,'D');
INSERT INTO thr_object_type_l(id,object_type_id,object_type_name,language_id,note,creation_date,created_by,last_update_date,last_updated_by,status) VALUES (259,383,'Селезенка','ru',NULL,'2022-02-15','BYDEV',NULL,NULL,'D');
INSERT INTO thr_object_type_l(id,object_type_id,object_type_name,language_id,note,creation_date,created_by,last_update_date,last_updated_by,status) VALUES (260,384,'Почки','ru',NULL,'2022-02-15','BYDEV',NULL,NULL,'D');
INSERT INTO thr_object_type_l(id,object_type_id,object_type_name,language_id,note,creation_date,created_by,last_update_date,last_updated_by,status) VALUES (261,385,'Мочеиспускание','ru',NULL,'2022-02-15','BYDEV',NULL,NULL,'D');
INSERT INTO thr_object_type_l(id,object_type_id,object_type_name,language_id,note,creation_date,created_by,last_update_date,last_updated_by,status) VALUES (262,386,'никтурия','ru',NULL,'2022-02-15','BYDEV',NULL,NULL,'D');
INSERT INTO thr_object_type_l(id,object_type_id,object_type_name,language_id,note,creation_date,created_by,last_update_date,last_updated_by,status) VALUES (263,387,'Стул','ru',NULL,'2022-02-15','BYDEV',NULL,NULL,'D');
INSERT INTO thr_object_type_l(id,object_type_id,object_type_name,language_id,note,creation_date,created_by,last_update_date,last_updated_by,status) VALUES (264,388,'мелена','ru',NULL,'2022-02-15','BYDEV',NULL,NULL,'D');
INSERT INTO thr_object_type_l(id,object_type_id,object_type_name,language_id,note,creation_date,created_by,last_update_date,last_updated_by,status) VALUES (265,389,'Отек','ru',NULL,'2022-02-15','BYDEV',NULL,NULL,'D');
INSERT INTO thr_object_type_l(id,object_type_id,object_type_name,language_id,note,creation_date,created_by,last_update_date,last_updated_by,status) VALUES (266,390,'Дополнительные данные','ru',NULL,'2022-02-15','BYDEV',NULL,NULL,'D');
INSERT INTO thr_object_type_l(id,object_type_id,object_type_name,language_id,note,creation_date,created_by,last_update_date,last_updated_by,status) VALUES (268,392,'Лист временной нетрудоспособности серия','ru',NULL,'2022-02-15','BYDEV',NULL,NULL,'D');
INSERT INTO thr_object_type_l(id,object_type_id,object_type_name,language_id,note,creation_date,created_by,last_update_date,last_updated_by,status) VALUES (269,393,'Режим','ru',NULL,'2022-02-15','BYDEV',NULL,NULL,'D');
INSERT INTO thr_object_type_l(id,object_type_id,object_type_name,language_id,note,creation_date,created_by,last_update_date,last_updated_by,status) VALUES (270,394,'Повторный осмотр','ru',NULL,'2022-02-15','BYDEV',NULL,NULL,'D');



Insert into THR_OBJECT_GROUP
   (OBJECT_GROUP_ID, OBJECT_GROUP_CODE, OBJECT_CATEGORY_ID, ORGANIZATION_CODE, VALID_FROM,
    CREATION_DATE, CREATED_BY, LAST_UPDATE_DATE, LAST_UPDATED_BY, STATUS)
 Values
   (3, '3', 40, 'urn:oid:2.16.112.1.18.5.1.1.6.1.3', TO_DATE('07/27/2021 00:00:00', 'MM/DD/YYYY HH24:MI:SS'),
    TO_DATE('07/27/2021 14:50:53', 'MM/DD/YYYY HH24:MI:SS'), 'BYDEV', TO_DATE('07/27/2021 14:51:00', 'MM/DD/YYYY HH24:MI:SS'), 'BYDEV', 'D');
Insert into THR_OBJECT_GROUP
   (OBJECT_GROUP_ID, OBJECT_GROUP_CODE, OBJECT_CATEGORY_ID, ORGANIZATION_CODE, VALID_FROM,
    CREATION_DATE, CREATED_BY, LAST_UPDATE_DATE, LAST_UPDATED_BY, STATUS)
 Values
   (1, '1', 10, 'urn:oid:2.16.112.1.18.5.1.1.1.1.28', TO_DATE('07/27/2021 00:00:00', 'MM/DD/YYYY HH24:MI:SS'),
    TO_DATE('07/27/2021 14:50:53', 'MM/DD/YYYY HH24:MI:SS'), 'BYDEV', TO_DATE('07/27/2021 14:51:00', 'MM/DD/YYYY HH24:MI:SS'), 'BYDEV', 'D');
Insert into THR_OBJECT_GROUP
   (OBJECT_GROUP_ID, OBJECT_GROUP_CODE, OBJECT_CATEGORY_ID, ORGANIZATION_CODE, VALID_FROM,
    CREATION_DATE, CREATED_BY, LAST_UPDATE_DATE, LAST_UPDATED_BY, STATUS)
 Values
   (2, '2', 50, 'urn:oid:2.16.112.1.18.5.1.1.1.1.28', TO_DATE('07/27/2021 00:00:00', 'MM/DD/YYYY HH24:MI:SS'),
    TO_DATE('07/27/2021 14:50:53', 'MM/DD/YYYY HH24:MI:SS'), 'BYDEV', TO_DATE('07/27/2021 14:51:00', 'MM/DD/YYYY HH24:MI:SS'), 'BYDEV', 'D');
Insert into THR_OBJECT_GROUP
   (OBJECT_GROUP_ID, OBJECT_GROUP_CODE, OBJECT_CATEGORY_ID, ORGANIZATION_CODE, VALID_FROM,
    CREATION_DATE, CREATED_BY, LAST_UPDATE_DATE, LAST_UPDATED_BY, STATUS)
 Values
   (5, '5', 100, 'urn:oid:2.16.112.1.18.5.1.1.28.1.1', TO_DATE('07/27/2021 00:00:00', 'MM/DD/YYYY HH24:MI:SS'),
    TO_DATE('07/27/2021 14:50:53', 'MM/DD/YYYY HH24:MI:SS'), 'BYDEV', TO_DATE('07/27/2021 14:51:00', 'MM/DD/YYYY HH24:MI:SS'), 'BYDEV', 'D');
Insert into THR_OBJECT_GROUP
   (OBJECT_GROUP_ID, OBJECT_GROUP_CODE, OBJECT_CATEGORY_ID, ORGANIZATION_CODE, VALID_FROM,
    CREATION_DATE, CREATED_BY, LAST_UPDATE_DATE, LAST_UPDATED_BY, STATUS)
 Values
   (4, '4', 10, 'urn:oid:2.16.112.1.18.5.1.1.6.1.3', TO_DATE('07/27/2021 00:00:00', 'MM/DD/YYYY HH24:MI:SS'),
    TO_DATE('07/27/2021 14:50:53', 'MM/DD/YYYY HH24:MI:SS'), 'BYDEV', TO_DATE('07/27/2021 14:51:00', 'MM/DD/YYYY HH24:MI:SS'), 'BYDEV', 'D');

Insert into THR_OBJECT_GROUP
   (OBJECT_GROUP_ID, OBJECT_GROUP_CODE, OBJECT_CATEGORY_ID, ORGANIZATION_CODE, VALID_FROM,
    CREATION_DATE, CREATED_BY, LAST_UPDATE_DATE, LAST_UPDATED_BY, STATUS)
 Values
   (6, '6', 70, 'urn:oid:2.16.112.1.18.5.1.1.1.1.28', TO_DATE('07/27/2021 00:00:00', 'MM/DD/YYYY HH24:MI:SS'),
    TO_DATE('07/27/2021 14:50:53', 'MM/DD/YYYY HH24:MI:SS'), 'BYDEV', TO_DATE('07/27/2021 14:51:00', 'MM/DD/YYYY HH24:MI:SS'), 'BYDEV', 'D');
Insert into THR_OBJECT_GROUP
   (OBJECT_GROUP_ID, OBJECT_GROUP_CODE, OBJECT_CATEGORY_ID, ORGANIZATION_CODE, VALID_FROM,
    CREATION_DATE, CREATED_BY, LAST_UPDATE_DATE, LAST_UPDATED_BY, STATUS)
 Values
   (7, '7', 80, 'urn:oid:2.16.112.1.18.5.1.1.1.1.28', TO_DATE('07/27/2021 00:00:00', 'MM/DD/YYYY HH24:MI:SS'),
    TO_DATE('07/27/2021 14:50:53', 'MM/DD/YYYY HH24:MI:SS'), 'BYDEV', TO_DATE('07/27/2021 14:51:00', 'MM/DD/YYYY HH24:MI:SS'), 'BYDEV', 'D');

Insert into THR_OBJECT_GROUP
   (OBJECT_GROUP_ID, OBJECT_GROUP_CODE, OBJECT_CATEGORY_ID, ORGANIZATION_CODE, VALID_FROM,
    CREATION_DATE, CREATED_BY, LAST_UPDATE_DATE, LAST_UPDATED_BY, STATUS)
 Values
   (8, '8', 100, 'urn:oid:2.16.112.1.18.5.1.1.28.1.1', TO_DATE('07/27/2021 00:00:00', 'MM/DD/YYYY HH24:MI:SS'),
    TO_DATE('07/27/2021 14:50:53', 'MM/DD/YYYY HH24:MI:SS'), 'BYDEV', TO_DATE('07/27/2021 14:51:00', 'MM/DD/YYYY HH24:MI:SS'), 'BYDEV', 'D');
Insert into THR_OBJECT_GROUP
   (OBJECT_GROUP_ID, OBJECT_GROUP_CODE, OBJECT_CATEGORY_ID, ORGANIZATION_CODE, VALID_FROM,
    CREATION_DATE, CREATED_BY, LAST_UPDATE_DATE, LAST_UPDATED_BY, STATUS)
 Values
   (9, '9', 110, 'urn:oid:2.16.112.1.18.5.1.1.6.1.10', TO_DATE('07/27/2021 00:00:00', 'MM/DD/YYYY HH24:MI:SS'),
    TO_DATE('07/27/2021 14:50:53', 'MM/DD/YYYY HH24:MI:SS'), 'BYDEV', TO_DATE('07/27/2021 14:51:00', 'MM/DD/YYYY HH24:MI:SS'), 'BYDEV', 'D');

Insert into THR_OBJECT_GROUP
   (OBJECT_GROUP_ID, OBJECT_GROUP_CODE, OBJECT_CATEGORY_ID, ORGANIZATION_CODE, VALID_FROM,
    CREATION_DATE, CREATED_BY, LAST_UPDATE_DATE, LAST_UPDATED_BY, STATUS)
 Values
   (10, '10', 120, 'urn:oid:2.16.112.1.18.5.1.1.6.1.3', TO_DATE('07/27/2021 00:00:00', 'MM/DD/YYYY HH24:MI:SS'),
    TO_DATE('07/27/2021 14:50:53', 'MM/DD/YYYY HH24:MI:SS'), 'BYDEV', TO_DATE('07/27/2021 14:51:00', 'MM/DD/YYYY HH24:MI:SS'), 'BYDEV', 'D');

Insert into THR_OBJECT_GROUP
   (OBJECT_GROUP_ID, OBJECT_GROUP_CODE, OBJECT_CATEGORY_ID, ORGANIZATION_CODE, VALID_FROM,
    CREATION_DATE, CREATED_BY, LAST_UPDATE_DATE, LAST_UPDATED_BY, STATUS)
 Values
   (11, '11', 90, 'urn:oid:2.16.112.1.18.5.1.1.1.1.28', TO_DATE('07/27/2021 00:00:00', 'MM/DD/YYYY HH24:MI:SS'),
    TO_DATE('07/27/2021 14:50:53', 'MM/DD/YYYY HH24:MI:SS'), 'BYDEV', TO_DATE('07/27/2021 14:51:00', 'MM/DD/YYYY HH24:MI:SS'), 'BYDEV', 'D');

Insert into THR_OBJECT_GROUP
   (OBJECT_GROUP_ID, OBJECT_GROUP_CODE, OBJECT_CATEGORY_ID, ORGANIZATION_CODE, VALID_FROM,
    CREATION_DATE, CREATED_BY, LAST_UPDATE_DATE, LAST_UPDATED_BY, STATUS)
 Values
   (12, '12', 130, 'urn:oid:2.16.112.1.18.5.1.1.6.1.3', TO_DATE('07/27/2021 00:00:00', 'MM/DD/YYYY HH24:MI:SS'),
    TO_DATE('07/27/2021 14:50:53', 'MM/DD/YYYY HH24:MI:SS'), 'BYDEV', TO_DATE('07/27/2021 14:51:00', 'MM/DD/YYYY HH24:MI:SS'), 'BYDEV', 'D');

------------------------------------------------------------

INSERT INTO thr_object_items(object_item_id,object_group_id,object_type_id,label,order_seq,mandatory,note,valid_from,valid_to,creation_date,created_by,last_update_date,last_updated_by,status,column_num,row_num,height,width,item_type_id,item_size,lov_url,decimal_places,unit_code,parent_id,parent_query_param,min_value,max_value,default_value) VALUES (1,1,10,'Status',13,'N',NULL,'2021-07-27',NULL,'2021-07-27','BYDEV','2021-07-27','BYDEV','D',1,12,3,4,'textarea',4000,'LovURLExample',NULL,NULL,NULL,NULL,NULL,NULL,NULL);
INSERT INTO thr_object_items(object_item_id,object_group_id,object_type_id,label,order_seq,mandatory,note,valid_from,valid_to,creation_date,created_by,last_update_date,last_updated_by,status,column_num,row_num,height,width,item_type_id,item_size,lov_url,decimal_places,unit_code,parent_id,parent_query_param,min_value,max_value,default_value) VALUES (2,1,100,'Reason for coming',4,'N',NULL,'2021-07-27',NULL,'2021-07-27','BYDEV','2021-07-27','BYDEV','D',1,1,2,4,'textarea',4000,'LovURLExample',NULL,NULL,NULL,NULL,NULL,NULL,NULL);
INSERT INTO thr_object_items(object_item_id,object_group_id,object_type_id,label,order_seq,mandatory,note,valid_from,valid_to,creation_date,created_by,last_update_date,last_updated_by,status,column_num,row_num,height,width,item_type_id,item_size,lov_url,decimal_places,unit_code,parent_id,parent_query_param,min_value,max_value,default_value) VALUES (3,1,110,'Personal anamnesis',5,'N',NULL,'2021-07-27',NULL,'2021-07-27','BYDEV','2021-07-27','BYDEV','D',1,3,2,2,'textarea',4000,'LovURLExample',NULL,NULL,NULL,NULL,NULL,NULL,NULL);
INSERT INTO thr_object_items(object_item_id,object_group_id,object_type_id,label,order_seq,mandatory,note,valid_from,valid_to,creation_date,created_by,last_update_date,last_updated_by,status,column_num,row_num,height,width,item_type_id,item_size,lov_url,decimal_places,unit_code,parent_id,parent_query_param,min_value,max_value,default_value) VALUES (4,1,120,'Family anamnesis',6,'N',NULL,'2021-07-27',NULL,'2021-07-27','BYDEV','2021-07-27','BYDEV','D',3,3,2,2,'textarea',4000,'LovURLExample',NULL,NULL,NULL,NULL,NULL,NULL,NULL);
INSERT INTO thr_object_items(object_item_id,object_group_id,object_type_id,label,order_seq,mandatory,note,valid_from,valid_to,creation_date,created_by,last_update_date,last_updated_by,status,column_num,row_num,height,width,item_type_id,item_size,lov_url,decimal_places,unit_code,parent_id,parent_query_param,min_value,max_value,default_value) VALUES (5,1,130,'Current difficulties',7,'D',NULL,'2021-07-27',NULL,'2021-07-27','BYDEV','2021-07-27','BYDEV','D',1,5,1,4,'textarea',4000,'LovURLExample',NULL,NULL,NULL,NULL,NULL,NULL,NULL);
INSERT INTO thr_object_items(object_item_id,object_group_id,object_type_id,label,order_seq,mandatory,note,valid_from,valid_to,creation_date,created_by,last_update_date,last_updated_by,status,column_num,row_num,height,width,item_type_id,item_size,lov_url,decimal_places,unit_code,parent_id,parent_query_param,min_value,max_value,default_value) VALUES (6,1,140,'Current therapy',8,'N',NULL,'2021-07-27',NULL,'2021-07-27','BYDEV','2021-07-27','BYDEV','D',1,6,2,4,'textarea',4000,'LovURLExample',NULL,NULL,NULL,NULL,NULL,NULL,NULL);
INSERT INTO thr_object_items(object_item_id,object_group_id,object_type_id,label,order_seq,mandatory,note,valid_from,valid_to,creation_date,created_by,last_update_date,last_updated_by,status,column_num,row_num,height,width,item_type_id,item_size,lov_url,decimal_places,unit_code,parent_id,parent_query_param,min_value,max_value,default_value) VALUES (7,1,150,'Epidemiological anamnesis',9,'N',NULL,'2021-07-27',NULL,'2021-07-27','BYDEV','2021-07-27','BYDEV','D',1,8,2,2,'textarea',4000,'LovURLExample',NULL,NULL,NULL,NULL,NULL,NULL,NULL);
INSERT INTO thr_object_items(object_item_id,object_group_id,object_type_id,label,order_seq,mandatory,note,valid_from,valid_to,creation_date,created_by,last_update_date,last_updated_by,status,column_num,row_num,height,width,item_type_id,item_size,lov_url,decimal_places,unit_code,parent_id,parent_query_param,min_value,max_value,default_value) VALUES (8,1,160,'Vaccinations',10,'N',NULL,'2021-07-27','2021-07-28','2021-07-27','BYDEV','2021-07-27','BYDEV','N',3,8,2,2,'textarea',4000,'LovURLExample',NULL,NULL,NULL,NULL,NULL,NULL,NULL);
INSERT INTO thr_object_items(object_item_id,object_group_id,object_type_id,label,order_seq,mandatory,note,valid_from,valid_to,creation_date,created_by,last_update_date,last_updated_by,status,column_num,row_num,height,width,item_type_id,item_size,lov_url,decimal_places,unit_code,parent_id,parent_query_param,min_value,max_value,default_value) VALUES (9,1,170,'Functions and habits',11,'N',NULL,'2021-07-27','2021-07-28','2021-07-27','BYDEV','2021-07-27','BYDEV','N',1,10,2,2,'textarea',4000,'LovURLExample',NULL,NULL,NULL,NULL,NULL,NULL,NULL);
INSERT INTO thr_object_items(object_item_id,object_group_id,object_type_id,label,order_seq,mandatory,note,valid_from,valid_to,creation_date,created_by,last_update_date,last_updated_by,status,column_num,row_num,height,width,item_type_id,item_size,lov_url,decimal_places,unit_code,parent_id,parent_query_param,min_value,max_value,default_value) VALUES (10,1,180,'Allergies',12,'N',NULL,'2021-07-27',NULL,'2021-07-27','BYDEV','2021-07-27','BYDEV','D',3,10,2,2,'textarea',4000,'LovURLExample',NULL,NULL,NULL,NULL,NULL,NULL,NULL);
INSERT INTO thr_object_items(object_item_id,object_group_id,object_type_id,label,order_seq,mandatory,note,valid_from,valid_to,creation_date,created_by,last_update_date,last_updated_by,status,column_num,row_num,height,width,item_type_id,item_size,lov_url,decimal_places,unit_code,parent_id,parent_query_param,min_value,max_value,default_value) VALUES (11,1,190,'Diagnostic findings',14,'N',NULL,'2021-07-27',NULL,'2021-07-27','BYDEV','2021-07-27','BYDEV','D',1,15,3,4,'textarea',4000,'LovURLExample',NULL,NULL,NULL,NULL,NULL,NULL,NULL);
INSERT INTO thr_object_items(object_item_id,object_group_id,object_type_id,label,order_seq,mandatory,note,valid_from,valid_to,creation_date,created_by,last_update_date,last_updated_by,status,column_num,row_num,height,width,item_type_id,item_size,lov_url,decimal_places,unit_code,parent_id,parent_query_param,min_value,max_value,default_value) VALUES (12,1,200,'Recommendations',16,'N',NULL,'2021-07-27',NULL,'2021-07-27','BYDEV','2021-07-27','BYDEV','D',1,22,2,4,'textarea',4000,'LovURLExample',NULL,NULL,NULL,NULL,NULL,NULL,NULL);
INSERT INTO thr_object_items(object_item_id,object_group_id,object_type_id,label,order_seq,mandatory,note,valid_from,valid_to,creation_date,created_by,last_update_date,last_updated_by,status,column_num,row_num,height,width,item_type_id,item_size,lov_url,decimal_places,unit_code,parent_id,parent_query_param,min_value,max_value,default_value) VALUES (13,1,210,'Internal notes',17,'N',NULL,'2021-07-27',NULL,'2021-07-27','BYDEV','2021-07-27','BYDEV','D',1,24,2,4,'textarea',4000,'LovURLExample',NULL,NULL,NULL,NULL,NULL,NULL,NULL);
INSERT INTO thr_object_items(object_item_id,object_group_id,object_type_id,label,order_seq,mandatory,note,valid_from,valid_to,creation_date,created_by,last_update_date,last_updated_by,status,column_num,row_num,height,width,item_type_id,item_size,lov_url,decimal_places,unit_code,parent_id,parent_query_param,min_value,max_value,default_value) VALUES (14,1,30,'Conclusion',15,'D',NULL,'2021-07-27',NULL,'2021-07-27','BYDEV','2021-07-27','BYDEV','D',1,18,4,4,'textarea',4000,'LovURLExample',NULL,NULL,NULL,NULL,NULL,NULL,NULL);
INSERT INTO thr_object_items(object_item_id,object_group_id,object_type_id,label,order_seq,mandatory,note,valid_from,valid_to,creation_date,created_by,last_update_date,last_updated_by,status,column_num,row_num,height,width,item_type_id,item_size,lov_url,decimal_places,unit_code,parent_id,parent_query_param,min_value,max_value,default_value) VALUES (15,3,10,'Status',3,'N',NULL,'2021-07-27',NULL,'2021-07-06','BYDEV',NULL,NULL,'D',1,7,4,4,'textarea',4000,'LovURLExample',NULL,NULL,NULL,NULL,NULL,NULL,NULL);
INSERT INTO thr_object_items(object_item_id,object_group_id,object_type_id,label,order_seq,mandatory,note,valid_from,valid_to,creation_date,created_by,last_update_date,last_updated_by,status,column_num,row_num,height,width,item_type_id,item_size,lov_url,decimal_places,unit_code,parent_id,parent_query_param,min_value,max_value,default_value) VALUES (16,3,190,'Diagnostic findings',5,'N',NULL,'2021-07-27',NULL,'2021-07-27','BYDEV',NULL,NULL,'D',1,13,2,4,'textarea',4000,'LovURLExample',NULL,NULL,NULL,NULL,NULL,NULL,NULL);
INSERT INTO thr_object_items(object_item_id,object_group_id,object_type_id,label,order_seq,mandatory,note,valid_from,valid_to,creation_date,created_by,last_update_date,last_updated_by,status,column_num,row_num,height,width,item_type_id,item_size,lov_url,decimal_places,unit_code,parent_id,parent_query_param,min_value,max_value,default_value) VALUES (17,3,200,'Recommendations',11,'N',NULL,'2021-07-27',NULL,'2021-07-27','BYDEV',NULL,NULL,'D',1,24,2,4,'textarea',4000,'LovURLExample',NULL,NULL,NULL,NULL,NULL,NULL,NULL);
INSERT INTO thr_object_items(object_item_id,object_group_id,object_type_id,label,order_seq,mandatory,note,valid_from,valid_to,creation_date,created_by,last_update_date,last_updated_by,status,column_num,row_num,height,width,item_type_id,item_size,lov_url,decimal_places,unit_code,parent_id,parent_query_param,min_value,max_value,default_value) VALUES (18,3,210,'Internal notes',12,'N',NULL,'2021-07-27',NULL,'2021-07-27','BYDEV',NULL,NULL,'D',1,26,2,4,'textarea',4000,'LovURLExample',NULL,NULL,NULL,NULL,NULL,NULL,NULL);
INSERT INTO thr_object_items(object_item_id,object_group_id,object_type_id,label,order_seq,mandatory,note,valid_from,valid_to,creation_date,created_by,last_update_date,last_updated_by,status,column_num,row_num,height,width,item_type_id,item_size,lov_url,decimal_places,unit_code,parent_id,parent_query_param,min_value,max_value,default_value) VALUES (19,3,220,'Reason for hospitalization',1,'D',NULL,'2021-07-27',NULL,'2021-07-27','BYDEV',NULL,NULL,'D',1,1,2,4,'textarea',4000,'LovURLExample',NULL,NULL,NULL,NULL,NULL,NULL,NULL);
INSERT INTO thr_object_items(object_item_id,object_group_id,object_type_id,label,order_seq,mandatory,note,valid_from,valid_to,creation_date,created_by,last_update_date,last_updated_by,status,column_num,row_num,height,width,item_type_id,item_size,lov_url,decimal_places,unit_code,parent_id,parent_query_param,min_value,max_value,default_value) VALUES (20,3,230,'Surgical procedures',4,'N',NULL,'2021-07-27',NULL,'2021-07-27','BYDEV',NULL,NULL,'D',1,11,2,4,'textarea',4000,'LovURLExample',NULL,NULL,NULL,NULL,NULL,NULL,NULL);
INSERT INTO thr_object_items(object_item_id,object_group_id,object_type_id,label,order_seq,mandatory,note,valid_from,valid_to,creation_date,created_by,last_update_date,last_updated_by,status,column_num,row_num,height,width,item_type_id,item_size,lov_url,decimal_places,unit_code,parent_id,parent_query_param,min_value,max_value,default_value) VALUES (21,3,240,'Diagnostic procedures in process',6,'N',NULL,'2021-07-27','2021-07-27','2021-07-27','BYDEV',NULL,NULL,'N',1,15,2,4,'textarea',4000,'LovURLExample',NULL,NULL,NULL,NULL,NULL,NULL,NULL);
INSERT INTO thr_object_items(object_item_id,object_group_id,object_type_id,label,order_seq,mandatory,note,valid_from,valid_to,creation_date,created_by,last_update_date,last_updated_by,status,column_num,row_num,height,width,item_type_id,item_size,lov_url,decimal_places,unit_code,parent_id,parent_query_param,min_value,max_value,default_value) VALUES (22,3,250,'Discharge status',7,'N',NULL,'2021-07-27','2021-07-27','2021-07-27','BYDEV',NULL,NULL,'N',1,17,2,2,'textarea',4000,'LovURLExample',NULL,NULL,NULL,NULL,NULL,NULL,NULL);
INSERT INTO thr_object_items(object_item_id,object_group_id,object_type_id,label,order_seq,mandatory,note,valid_from,valid_to,creation_date,created_by,last_update_date,last_updated_by,status,column_num,row_num,height,width,item_type_id,item_size,lov_url,decimal_places,unit_code,parent_id,parent_query_param,min_value,max_value,default_value) VALUES (23,3,260,'Discharge therapy',8,'N',NULL,'2021-07-27',NULL,'2021-07-27','BYDEV',NULL,NULL,'D',1,15,2,4,'textarea',4000,'LovURLExample',NULL,NULL,NULL,NULL,NULL,NULL,NULL);
INSERT INTO thr_object_items(object_item_id,object_group_id,object_type_id,label,order_seq,mandatory,note,valid_from,valid_to,creation_date,created_by,last_update_date,last_updated_by,status,column_num,row_num,height,width,item_type_id,item_size,lov_url,decimal_places,unit_code,parent_id,parent_query_param,min_value,max_value,default_value) VALUES (24,3,270,'Summary of treatment',9,'N',NULL,'2021-07-27',NULL,'2021-07-27','BYDEV',NULL,NULL,'D',1,17,3,4,'textarea',4000,'LovURLExample',NULL,NULL,NULL,NULL,NULL,NULL,NULL);
INSERT INTO thr_object_items(object_item_id,object_group_id,object_type_id,label,order_seq,mandatory,note,valid_from,valid_to,creation_date,created_by,last_update_date,last_updated_by,status,column_num,row_num,height,width,item_type_id,item_size,lov_url,decimal_places,unit_code,parent_id,parent_query_param,min_value,max_value,default_value) VALUES (25,3,20,'Anamnesis',2,'D',NULL,'2021-07-27',NULL,'2021-07-07','BYDEV',NULL,NULL,'D',1,3,4,4,'textarea',4000,'LovURLExample',NULL,NULL,NULL,NULL,NULL,NULL,NULL);
INSERT INTO thr_object_items(object_item_id,object_group_id,object_type_id,label,order_seq,mandatory,note,valid_from,valid_to,creation_date,created_by,last_update_date,last_updated_by,status,column_num,row_num,height,width,item_type_id,item_size,lov_url,decimal_places,unit_code,parent_id,parent_query_param,min_value,max_value,default_value) VALUES (26,3,30,'Conclusion',10,'D',NULL,'2021-07-27',NULL,'2021-07-07','BYDEV',NULL,NULL,'D',1,20,4,4,'textarea',4000,'LovURLExample',NULL,NULL,NULL,NULL,NULL,NULL,NULL);
INSERT INTO thr_object_items(object_item_id,object_group_id,object_type_id,label,order_seq,mandatory,note,valid_from,valid_to,creation_date,created_by,last_update_date,last_updated_by,status,column_num,row_num,height,width,item_type_id,item_size,lov_url,decimal_places,unit_code,parent_id,parent_query_param,min_value,max_value,default_value) VALUES (27,5,20,'Anamnesis',1,'N',NULL,'2021-10-13',NULL,'2021-10-13','BYDEV','2021-10-13','BYDEV','D',1,1,2,4,'textarea',2000,'LovURLExample',NULL,NULL,NULL,NULL,NULL,NULL,NULL);
INSERT INTO thr_object_items(object_item_id,object_group_id,object_type_id,label,order_seq,mandatory,note,valid_from,valid_to,creation_date,created_by,last_update_date,last_updated_by,status,column_num,row_num,height,width,item_type_id,item_size,lov_url,decimal_places,unit_code,parent_id,parent_query_param,min_value,max_value,default_value) VALUES (28,5,10,'Status',2,'N',NULL,'2021-10-13',NULL,'2021-10-13','BYDEV','2021-10-13','BYDEV','D',1,3,2,4,'textarea',2000,'LovURLExample',NULL,NULL,NULL,NULL,NULL,NULL,NULL);
INSERT INTO thr_object_items(object_item_id,object_group_id,object_type_id,label,order_seq,mandatory,note,valid_from,valid_to,creation_date,created_by,last_update_date,last_updated_by,status,column_num,row_num,height,width,item_type_id,item_size,lov_url,decimal_places,unit_code,parent_id,parent_query_param,min_value,max_value,default_value) VALUES (29,5,30,'Conclusion',3,'N',NULL,'2021-10-13',NULL,'2021-10-13','BYDEV','2021-10-13','BYDEV','D',1,5,2,4,'textarea',2000,'LovURLExample',NULL,NULL,NULL,NULL,NULL,NULL,NULL);
INSERT INTO thr_object_items(object_item_id,object_group_id,object_type_id,label,order_seq,mandatory,note,valid_from,valid_to,creation_date,created_by,last_update_date,last_updated_by,status,column_num,row_num,height,width,item_type_id,item_size,lov_url,decimal_places,unit_code,parent_id,parent_query_param,min_value,max_value,default_value) VALUES (35,5,190,'Diagnostic findings',4,'N',NULL,'2021-10-17',NULL,'2021-10-17','BYDEV','2021-10-17','BYDEV','D',1,7,2,4,'textarea',2000,'LovURLExample',NULL,NULL,NULL,NULL,NULL,NULL,NULL);
INSERT INTO thr_object_items(object_item_id,object_group_id,object_type_id,label,order_seq,mandatory,note,valid_from,valid_to,creation_date,created_by,last_update_date,last_updated_by,status,column_num,row_num,height,width,item_type_id,item_size,lov_url,decimal_places,unit_code,parent_id,parent_query_param,min_value,max_value,default_value) VALUES (30,9,190,'Diagnostic findings',1,'N',NULL,'2021-10-17',NULL,'2021-10-17','BYDEV','2021-10-17','BYDEV','D',1,1,2,4,'textarea',2000,'LovURLExample',NULL,NULL,NULL,NULL,NULL,NULL,NULL);
INSERT INTO thr_object_items(object_item_id,object_group_id,object_type_id,label,order_seq,mandatory,note,valid_from,valid_to,creation_date,created_by,last_update_date,last_updated_by,status,column_num,row_num,height,width,item_type_id,item_size,lov_url,decimal_places,unit_code,parent_id,parent_query_param,min_value,max_value,default_value) VALUES (31,9,210,'Internal notes',2,'N',NULL,'2021-10-17',NULL,'2021-10-17','BYDEV','2021-10-17','BYDEV','D',1,3,2,4,'textarea',2000,'LovURLExample',NULL,NULL,NULL,NULL,NULL,NULL,NULL);
INSERT INTO thr_object_items(object_item_id,object_group_id,object_type_id,label,order_seq,mandatory,note,valid_from,valid_to,creation_date,created_by,last_update_date,last_updated_by,status,column_num,row_num,height,width,item_type_id,item_size,lov_url,decimal_places,unit_code,parent_id,parent_query_param,min_value,max_value,default_value) VALUES (32,12,230,'Surgical procedures',1,'N',NULL,'2021-11-29',NULL,'2021-11-29','BYDEV',NULL,NULL,'D',1,1,2,4,'textarea',50,'LovURLExample',NULL,NULL,NULL,NULL,NULL,NULL,NULL);
INSERT INTO thr_object_items(object_item_id,object_group_id,object_type_id,label,order_seq,mandatory,note,valid_from,valid_to,creation_date,created_by,last_update_date,last_updated_by,status,column_num,row_num,height,width,item_type_id,item_size,lov_url,decimal_places,unit_code,parent_id,parent_query_param,min_value,max_value,default_value) VALUES (33,12,10,'Status',2,'N',NULL,'2021-11-29',NULL,'2021-11-29','BYDEV',NULL,NULL,'D',1,3,2,4,'textarea',50,'LovURLExample',NULL,NULL,NULL,NULL,NULL,NULL,NULL);
INSERT INTO thr_object_items(object_item_id,object_group_id,object_type_id,label,order_seq,mandatory,note,valid_from,valid_to,creation_date,created_by,last_update_date,last_updated_by,status,column_num,row_num,height,width,item_type_id,item_size,lov_url,decimal_places,unit_code,parent_id,parent_query_param,min_value,max_value,default_value) VALUES (34,12,30,'Conclusion',3,'N',NULL,'2021-11-29',NULL,'2021-11-29','BYDEV',NULL,NULL,'D',1,5,2,4,'textarea',50,'LovURLExample',NULL,NULL,NULL,NULL,NULL,NULL,NULL);


INSERT INTO thr_object_items_label_l(id,object_item_id,object_item_label,language_id,note,creation_date,created_by,last_update_date,last_updated_by,status) VALUES (1,1,'Status','en',NULL,'2021-07-06','BYDEV',NULL,NULL,'D');
INSERT INTO thr_object_items_label_l(id,object_item_id,object_item_label,language_id,note,creation_date,created_by,last_update_date,last_updated_by,status) VALUES (2,14,'Conclusion','en',NULL,'2021-07-07','BYDEV',NULL,NULL,'D');
INSERT INTO thr_object_items_label_l(id,object_item_id,object_item_label,language_id,note,creation_date,created_by,last_update_date,last_updated_by,status) VALUES (3,2,'Reason for coming','en',NULL,'2021-07-27','BYDEV',NULL,NULL,'D');
INSERT INTO thr_object_items_label_l(id,object_item_id,object_item_label,language_id,note,creation_date,created_by,last_update_date,last_updated_by,status) VALUES (4,3,'Personal anamnesis','en',NULL,'2021-07-27','BYDEV',NULL,NULL,'D');
INSERT INTO thr_object_items_label_l(id,object_item_id,object_item_label,language_id,note,creation_date,created_by,last_update_date,last_updated_by,status) VALUES (5,4,'Family anamnesis','en',NULL,'2021-07-27','BYDEV',NULL,NULL,'D');
INSERT INTO thr_object_items_label_l(id,object_item_id,object_item_label,language_id,note,creation_date,created_by,last_update_date,last_updated_by,status) VALUES (6,5,'Current difficulties','en',NULL,'2021-07-27','BYDEV',NULL,NULL,'D');
INSERT INTO thr_object_items_label_l(id,object_item_id,object_item_label,language_id,note,creation_date,created_by,last_update_date,last_updated_by,status) VALUES (7,6,'Current therapy','en',NULL,'2021-07-27','BYDEV',NULL,NULL,'D');
INSERT INTO thr_object_items_label_l(id,object_item_id,object_item_label,language_id,note,creation_date,created_by,last_update_date,last_updated_by,status) VALUES (8,7,'Epidemiological anamnesis','en',NULL,'2021-07-27','BYDEV',NULL,NULL,'D');
INSERT INTO thr_object_items_label_l(id,object_item_id,object_item_label,language_id,note,creation_date,created_by,last_update_date,last_updated_by,status) VALUES (9,8,'Vaccinations','en',NULL,'2021-07-27','BYDEV',NULL,NULL,'D');
INSERT INTO thr_object_items_label_l(id,object_item_id,object_item_label,language_id,note,creation_date,created_by,last_update_date,last_updated_by,status) VALUES (10,9,'Functions and habits','en',NULL,'2021-07-27','BYDEV',NULL,NULL,'D');
INSERT INTO thr_object_items_label_l(id,object_item_id,object_item_label,language_id,note,creation_date,created_by,last_update_date,last_updated_by,status) VALUES (12,11,'Diagnostic findings','en',NULL,'2021-07-27','BYDEV',NULL,NULL,'D');
INSERT INTO thr_object_items_label_l(id,object_item_id,object_item_label,language_id,note,creation_date,created_by,last_update_date,last_updated_by,status) VALUES (13,12,'Recommendations','en',NULL,'2021-07-27','BYDEV',NULL,NULL,'D');
INSERT INTO thr_object_items_label_l(id,object_item_id,object_item_label,language_id,note,creation_date,created_by,last_update_date,last_updated_by,status) VALUES (14,13,'Internal notes','en',NULL,'2021-07-27','BYDEV',NULL,NULL,'D');
INSERT INTO thr_object_items_label_l(id,object_item_id,object_item_label,language_id,note,creation_date,created_by,last_update_date,last_updated_by,status) VALUES (15,1,'Статус','ru',NULL,'2021-07-06','BYDEV',NULL,NULL,'D');
INSERT INTO thr_object_items_label_l(id,object_item_id,object_item_label,language_id,note,creation_date,created_by,last_update_date,last_updated_by,status) VALUES (16,14,'Заключение','ru',NULL,'2021-07-07','BYDEV',NULL,NULL,'D');
INSERT INTO thr_object_items_label_l(id,object_item_id,object_item_label,language_id,note,creation_date,created_by,last_update_date,last_updated_by,status) VALUES (17,2,'Причина для приезда','ru',NULL,'2021-07-27','BYDEV',NULL,NULL,'D');
INSERT INTO thr_object_items_label_l(id,object_item_id,object_item_label,language_id,note,creation_date,created_by,last_update_date,last_updated_by,status) VALUES (18,3,'Личный анамнез','ru',NULL,'2021-07-27','BYDEV',NULL,NULL,'D');
INSERT INTO thr_object_items_label_l(id,object_item_id,object_item_label,language_id,note,creation_date,created_by,last_update_date,last_updated_by,status) VALUES (19,4,'Семейный анамнез','ru',NULL,'2021-07-27','BYDEV',NULL,NULL,'D');
INSERT INTO thr_object_items_label_l(id,object_item_id,object_item_label,language_id,note,creation_date,created_by,last_update_date,last_updated_by,status) VALUES (20,5,'Нынешние трудности','ru',NULL,'2021-07-27','BYDEV',NULL,NULL,'D');
INSERT INTO thr_object_items_label_l(id,object_item_id,object_item_label,language_id,note,creation_date,created_by,last_update_date,last_updated_by,status) VALUES (21,6,'Текущая терапия','ru',NULL,'2021-07-27','BYDEV',NULL,NULL,'D');
INSERT INTO thr_object_items_label_l(id,object_item_id,object_item_label,language_id,note,creation_date,created_by,last_update_date,last_updated_by,status) VALUES (22,7,'Эпидемиологический анамнез','ru',NULL,'2021-07-27','BYDEV',NULL,NULL,'D');
INSERT INTO thr_object_items_label_l(id,object_item_id,object_item_label,language_id,note,creation_date,created_by,last_update_date,last_updated_by,status) VALUES (23,8,'Прививки','ru',NULL,'2021-07-27','BYDEV',NULL,NULL,'D');
INSERT INTO thr_object_items_label_l(id,object_item_id,object_item_label,language_id,note,creation_date,created_by,last_update_date,last_updated_by,status) VALUES (24,9,'Функции и привычки','ru',NULL,'2021-07-27','BYDEV',NULL,NULL,'D');
INSERT INTO thr_object_items_label_l(id,object_item_id,object_item_label,language_id,note,creation_date,created_by,last_update_date,last_updated_by,status) VALUES (26,11,'Результаты диагностики','ru',NULL,'2021-07-27','BYDEV',NULL,NULL,'D');
INSERT INTO thr_object_items_label_l(id,object_item_id,object_item_label,language_id,note,creation_date,created_by,last_update_date,last_updated_by,status) VALUES (27,12,'Рекомендации','ru',NULL,'2021-07-27','BYDEV',NULL,NULL,'D');
INSERT INTO thr_object_items_label_l(id,object_item_id,object_item_label,language_id,note,creation_date,created_by,last_update_date,last_updated_by,status) VALUES (28,13,'Внутренние примечания','ru',NULL,'2021-07-27','BYDEV',NULL,NULL,'D');
INSERT INTO thr_object_items_label_l(id,object_item_id,object_item_label,language_id,note,creation_date,created_by,last_update_date,last_updated_by,status) VALUES (29,15,'Status','en',NULL,'2021-07-06','BYDEV',NULL,NULL,'D');
INSERT INTO thr_object_items_label_l(id,object_item_id,object_item_label,language_id,note,creation_date,created_by,last_update_date,last_updated_by,status) VALUES (30,25,'Anamnesis','en',NULL,'2021-07-07','BYDEV',NULL,NULL,'D');
INSERT INTO thr_object_items_label_l(id,object_item_id,object_item_label,language_id,note,creation_date,created_by,last_update_date,last_updated_by,status) VALUES (31,26,'Conclusion','en',NULL,'2021-07-07','BYDEV',NULL,NULL,'D');
INSERT INTO thr_object_items_label_l(id,object_item_id,object_item_label,language_id,note,creation_date,created_by,last_update_date,last_updated_by,status) VALUES (32,16,'Diagnostic findings','en',NULL,'2021-07-27','BYDEV',NULL,NULL,'D');
INSERT INTO thr_object_items_label_l(id,object_item_id,object_item_label,language_id,note,creation_date,created_by,last_update_date,last_updated_by,status) VALUES (33,17,'Recommendations','en',NULL,'2021-07-27','BYDEV',NULL,NULL,'D');
INSERT INTO thr_object_items_label_l(id,object_item_id,object_item_label,language_id,note,creation_date,created_by,last_update_date,last_updated_by,status) VALUES (34,18,'Internal notes','en',NULL,'2021-07-27','BYDEV',NULL,NULL,'D');
INSERT INTO thr_object_items_label_l(id,object_item_id,object_item_label,language_id,note,creation_date,created_by,last_update_date,last_updated_by,status) VALUES (35,19,'Reason for hospitalization','en',NULL,'2021-07-27','BYDEV',NULL,NULL,'D');
INSERT INTO thr_object_items_label_l(id,object_item_id,object_item_label,language_id,note,creation_date,created_by,last_update_date,last_updated_by,status) VALUES (36,20,'Surgical procedures','en',NULL,'2021-07-27','BYDEV',NULL,NULL,'D');
INSERT INTO thr_object_items_label_l(id,object_item_id,object_item_label,language_id,note,creation_date,created_by,last_update_date,last_updated_by,status) VALUES (37,21,'Ongoing diagnostic procedures','en',NULL,'2021-07-27','BYDEV',NULL,NULL,'D');
INSERT INTO thr_object_items_label_l(id,object_item_id,object_item_label,language_id,note,creation_date,created_by,last_update_date,last_updated_by,status) VALUES (38,22,'Discharge status','en',NULL,'2021-07-27','BYDEV',NULL,NULL,'D');
INSERT INTO thr_object_items_label_l(id,object_item_id,object_item_label,language_id,note,creation_date,created_by,last_update_date,last_updated_by,status) VALUES (39,23,'Discharge therapy','en',NULL,'2021-07-27','BYDEV',NULL,NULL,'D');
INSERT INTO thr_object_items_label_l(id,object_item_id,object_item_label,language_id,note,creation_date,created_by,last_update_date,last_updated_by,status) VALUES (40,24,'Summary of treatment','en',NULL,'2021-07-27','BYDEV',NULL,NULL,'D');
INSERT INTO thr_object_items_label_l(id,object_item_id,object_item_label,language_id,note,creation_date,created_by,last_update_date,last_updated_by,status) VALUES (41,15,'Статус','ru',NULL,'2021-07-06','BYDEV',NULL,NULL,'D');
INSERT INTO thr_object_items_label_l(id,object_item_id,object_item_label,language_id,note,creation_date,created_by,last_update_date,last_updated_by,status) VALUES (42,25,'Анамнез','ru',NULL,'2021-07-07','BYDEV',NULL,NULL,'D');
INSERT INTO thr_object_items_label_l(id,object_item_id,object_item_label,language_id,note,creation_date,created_by,last_update_date,last_updated_by,status) VALUES (44,16,'Результаты диагностики','ru',NULL,'2021-07-27','BYDEV',NULL,NULL,'D');
INSERT INTO thr_object_items_label_l(id,object_item_id,object_item_label,language_id,note,creation_date,created_by,last_update_date,last_updated_by,status) VALUES (45,17,'Рекомендации','ru',NULL,'2021-07-27','BYDEV',NULL,NULL,'D');
INSERT INTO thr_object_items_label_l(id,object_item_id,object_item_label,language_id,note,creation_date,created_by,last_update_date,last_updated_by,status) VALUES (46,18,'Внутренние примечания','ru',NULL,'2021-07-27','BYDEV',NULL,NULL,'D');
INSERT INTO thr_object_items_label_l(id,object_item_id,object_item_label,language_id,note,creation_date,created_by,last_update_date,last_updated_by,status) VALUES (47,19,'Причина госпитализации','ru',NULL,'2021-07-27','BYDEV',NULL,NULL,'D');
INSERT INTO thr_object_items_label_l(id,object_item_id,object_item_label,language_id,note,creation_date,created_by,last_update_date,last_updated_by,status) VALUES (48,20,'Хирургические процедуры','ru',NULL,'2021-07-27','BYDEV',NULL,NULL,'D');
INSERT INTO thr_object_items_label_l(id,object_item_id,object_item_label,language_id,note,creation_date,created_by,last_update_date,last_updated_by,status) VALUES (49,21,'Текущие диагностические процедуры','ru',NULL,'2021-07-27','BYDEV',NULL,NULL,'D');
INSERT INTO thr_object_items_label_l(id,object_item_id,object_item_label,language_id,note,creation_date,created_by,last_update_date,last_updated_by,status) VALUES (50,22,'Статус при выписке','ru',NULL,'2021-07-27','BYDEV',NULL,NULL,'D');
INSERT INTO thr_object_items_label_l(id,object_item_id,object_item_label,language_id,note,creation_date,created_by,last_update_date,last_updated_by,status) VALUES (51,23,'Терапия при выписке','ru',NULL,'2021-07-27','BYDEV',NULL,NULL,'D');
INSERT INTO thr_object_items_label_l(id,object_item_id,object_item_label,language_id,note,creation_date,created_by,last_update_date,last_updated_by,status) VALUES (52,24,'Краткое описание лечения','ru',NULL,'2021-07-27','BYDEV',NULL,NULL,'D');
INSERT INTO thr_object_items_label_l(id,object_item_id,object_item_label,language_id,note,creation_date,created_by,last_update_date,last_updated_by,status) VALUES (53,27,'Anamnesis','en',NULL,'2021-10-13','BYDEV','2021-10-13','BYDEV','D');
INSERT INTO thr_object_items_label_l(id,object_item_id,object_item_label,language_id,note,creation_date,created_by,last_update_date,last_updated_by,status) VALUES (54,27,'Анамнез','ru',NULL,'2021-10-13','BYDEV','2021-10-13','BYDEV','D');
INSERT INTO thr_object_items_label_l(id,object_item_id,object_item_label,language_id,note,creation_date,created_by,last_update_date,last_updated_by,status) VALUES (55,28,'Status','en',NULL,'2021-10-13','BYDEV','2021-10-13','BYDEV','D');
INSERT INTO thr_object_items_label_l(id,object_item_id,object_item_label,language_id,note,creation_date,created_by,last_update_date,last_updated_by,status) VALUES (56,28,'Статус','ru',NULL,'2021-10-13','BYDEV','2021-10-13','BYDEV','D');
INSERT INTO thr_object_items_label_l(id,object_item_id,object_item_label,language_id,note,creation_date,created_by,last_update_date,last_updated_by,status) VALUES (57,29,'Conclusion','en',NULL,'2021-10-13','BYDEV','2021-10-13','BYDEV','D');
INSERT INTO thr_object_items_label_l(id,object_item_id,object_item_label,language_id,note,creation_date,created_by,last_update_date,last_updated_by,status) VALUES (58,29,'Заключение','ru',NULL,'2021-10-13','BYDEV','2021-10-13','BYDEV','D');
INSERT INTO thr_object_items_label_l(id,object_item_id,object_item_label,language_id,note,creation_date,created_by,last_update_date,last_updated_by,status) VALUES (59,30,'Diagnostic findings','en',NULL,'2021-10-13','BYDEV','2021-10-13','BYDEV','D');
INSERT INTO thr_object_items_label_l(id,object_item_id,object_item_label,language_id,note,creation_date,created_by,last_update_date,last_updated_by,status) VALUES (60,30,'Результаты диагностики','ru',NULL,'2021-10-13','BYDEV','2021-10-13','BYDEV','D');
INSERT INTO thr_object_items_label_l(id,object_item_id,object_item_label,language_id,note,creation_date,created_by,last_update_date,last_updated_by,status) VALUES (61,31,'Internal notes','en',NULL,'2021-10-13','BYDEV','2021-10-13','BYDEV','D');
INSERT INTO thr_object_items_label_l(id,object_item_id,object_item_label,language_id,note,creation_date,created_by,last_update_date,last_updated_by,status) VALUES (62,31,'Внутренние примечания','ru',NULL,'2021-10-13','BYDEV','2021-10-13','BYDEV','D');
INSERT INTO thr_object_items_label_l(id,object_item_id,object_item_label,language_id,note,creation_date,created_by,last_update_date,last_updated_by,status) VALUES (63,32,'Surgical procedures','en',NULL,'2021-11-29','BYDEV',NULL,NULL,'D');
INSERT INTO thr_object_items_label_l(id,object_item_id,object_item_label,language_id,note,creation_date,created_by,last_update_date,last_updated_by,status) VALUES (64,32,'Хирургические процедуры','ru',NULL,'2021-11-29','BYDEV',NULL,NULL,'D');
INSERT INTO thr_object_items_label_l(id,object_item_id,object_item_label,language_id,note,creation_date,created_by,last_update_date,last_updated_by,status) VALUES (65,33,'Status','en',NULL,'2021-11-29','BYDEV',NULL,NULL,'D');
INSERT INTO thr_object_items_label_l(id,object_item_id,object_item_label,language_id,note,creation_date,created_by,last_update_date,last_updated_by,status) VALUES (66,33,'Статус','ru',NULL,'2021-11-29','BYDEV',NULL,NULL,'D');
INSERT INTO thr_object_items_label_l(id,object_item_id,object_item_label,language_id,note,creation_date,created_by,last_update_date,last_updated_by,status) VALUES (67,34,'Conclusion','en',NULL,'2021-11-29','BYDEV',NULL,NULL,'D');
INSERT INTO thr_object_items_label_l(id,object_item_id,object_item_label,language_id,note,creation_date,created_by,last_update_date,last_updated_by,status) VALUES (68,34,'Заключение','ru',NULL,'2021-11-29','BYDEV',NULL,NULL,'D');
INSERT INTO thr_object_items_label_l(id,object_item_id,object_item_label,language_id,note,creation_date,created_by,last_update_date,last_updated_by,status) VALUES (11,10,'Allergies','en',NULL,'2021-07-27','BYDEV',NULL,NULL,'D');
INSERT INTO thr_object_items_label_l(id,object_item_id,object_item_label,language_id,note,creation_date,created_by,last_update_date,last_updated_by,status) VALUES (25,10,'Аллергия','ru',NULL,'2021-07-27','BYDEV',NULL,NULL,'D');
INSERT INTO thr_object_items_label_l(id,object_item_id,object_item_label,language_id,note,creation_date,created_by,last_update_date,last_updated_by,status) VALUES (43,26,'Вывод','ru',NULL,'2021-07-07','BYDEV',NULL,NULL,'D');
INSERT INTO thr_object_items_label_l(id,object_item_id,object_item_label,language_id,note,creation_date,created_by,last_update_date,last_updated_by,status) VALUES (69,35,'Diagnostic findings','en',NULL,'2021-10-13','BYDEV','2021-10-13','BYDEV','D');
INSERT INTO thr_object_items_label_l(id,object_item_id,object_item_label,language_id,note,creation_date,created_by,last_update_date,last_updated_by,status) VALUES (70,35,'Результаты диагностики','ru',NULL,'2021-10-13','BYDEV','2021-10-13','BYDEV','D');

----------------------------------------------------------------------
INSERT INTO thr_object_default(object_def_id,object_category_id,object_type_id,label,order_seq,mandatory,note,valid_from,valid_to,creation_date,created_by,last_update_date,last_updated_by,status,column_num,row_num,height,width,item_type_id,item_size,lov_url,decimal_places,unit_code,parent_id,parent_query_param,min_value,max_value,default_value) VALUES (1,10,10,'Status',13,'N',NULL,'2021-07-27',NULL,'2021-07-27','BYDEV','2021-07-27','BYDEV','D',1,12,3,4,'textarea',4000,'LovURLExample',NULL,NULL,NULL,NULL,NULL,NULL,NULL);
INSERT INTO thr_object_default(object_def_id,object_category_id,object_type_id,label,order_seq,mandatory,note,valid_from,valid_to,creation_date,created_by,last_update_date,last_updated_by,status,column_num,row_num,height,width,item_type_id,item_size,lov_url,decimal_places,unit_code,parent_id,parent_query_param,min_value,max_value,default_value) VALUES (2,10,100,'Reason for coming',4,'N',NULL,'2021-07-27',NULL,'2021-07-27','BYDEV','2021-07-27','BYDEV','D',1,1,2,4,'textarea',4000,'LovURLExample',NULL,NULL,NULL,NULL,NULL,NULL,NULL);
INSERT INTO thr_object_default(object_def_id,object_category_id,object_type_id,label,order_seq,mandatory,note,valid_from,valid_to,creation_date,created_by,last_update_date,last_updated_by,status,column_num,row_num,height,width,item_type_id,item_size,lov_url,decimal_places,unit_code,parent_id,parent_query_param,min_value,max_value,default_value) VALUES (3,10,110,'Personal anamnesis',5,'N',NULL,'2021-07-27',NULL,'2021-07-27','BYDEV','2021-07-27','BYDEV','D',1,3,2,2,'textarea',4000,'LovURLExample',NULL,NULL,NULL,NULL,NULL,NULL,NULL);
INSERT INTO thr_object_default(object_def_id,object_category_id,object_type_id,label,order_seq,mandatory,note,valid_from,valid_to,creation_date,created_by,last_update_date,last_updated_by,status,column_num,row_num,height,width,item_type_id,item_size,lov_url,decimal_places,unit_code,parent_id,parent_query_param,min_value,max_value,default_value) VALUES (4,10,120,'Family anamnesis',6,'N',NULL,'2021-07-27',NULL,'2021-07-27','BYDEV','2021-07-27','BYDEV','D',3,3,2,2,'textarea',4000,'LovURLExample',NULL,NULL,NULL,NULL,NULL,NULL,NULL);
INSERT INTO thr_object_default(object_def_id,object_category_id,object_type_id,label,order_seq,mandatory,note,valid_from,valid_to,creation_date,created_by,last_update_date,last_updated_by,status,column_num,row_num,height,width,item_type_id,item_size,lov_url,decimal_places,unit_code,parent_id,parent_query_param,min_value,max_value,default_value) VALUES (5,10,130,'Current difficulties',7,'D',NULL,'2021-07-27',NULL,'2021-07-27','BYDEV','2021-07-27','BYDEV','D',1,5,1,4,'textarea',4000,'LovURLExample',NULL,NULL,NULL,NULL,NULL,NULL,NULL);
INSERT INTO thr_object_default(object_def_id,object_category_id,object_type_id,label,order_seq,mandatory,note,valid_from,valid_to,creation_date,created_by,last_update_date,last_updated_by,status,column_num,row_num,height,width,item_type_id,item_size,lov_url,decimal_places,unit_code,parent_id,parent_query_param,min_value,max_value,default_value) VALUES (6,10,140,'Current therapy',8,'N',NULL,'2021-07-27',NULL,'2021-07-27','BYDEV','2021-07-27','BYDEV','D',1,6,2,4,'textarea',4000,'LovURLExample',NULL,NULL,NULL,NULL,NULL,NULL,NULL);
INSERT INTO thr_object_default(object_def_id,object_category_id,object_type_id,label,order_seq,mandatory,note,valid_from,valid_to,creation_date,created_by,last_update_date,last_updated_by,status,column_num,row_num,height,width,item_type_id,item_size,lov_url,decimal_places,unit_code,parent_id,parent_query_param,min_value,max_value,default_value) VALUES (7,10,150,'Epidemiological anamnesis',9,'N',NULL,'2021-07-27',NULL,'2021-07-27','BYDEV','2021-07-27','BYDEV','D',1,8,2,2,'textarea',4000,'LovURLExample',NULL,NULL,NULL,NULL,NULL,NULL,NULL);
INSERT INTO thr_object_default(object_def_id,object_category_id,object_type_id,label,order_seq,mandatory,note,valid_from,valid_to,creation_date,created_by,last_update_date,last_updated_by,status,column_num,row_num,height,width,item_type_id,item_size,lov_url,decimal_places,unit_code,parent_id,parent_query_param,min_value,max_value,default_value) VALUES (8,10,160,'Vaccinations',10,'N',NULL,'2021-07-27',NULL,'2021-07-27','BYDEV','2021-07-27','BYDEV','D',3,8,2,2,'textarea',4000,'LovURLExample',NULL,NULL,NULL,NULL,NULL,NULL,NULL);
INSERT INTO thr_object_default(object_def_id,object_category_id,object_type_id,label,order_seq,mandatory,note,valid_from,valid_to,creation_date,created_by,last_update_date,last_updated_by,status,column_num,row_num,height,width,item_type_id,item_size,lov_url,decimal_places,unit_code,parent_id,parent_query_param,min_value,max_value,default_value) VALUES (9,10,170,'Functions and habits',11,'N',NULL,'2021-07-27',NULL,'2021-07-27','BYDEV','2021-07-27','BYDEV','D',1,10,2,2,'textarea',4000,'LovURLExample',NULL,NULL,NULL,NULL,NULL,NULL,NULL);
INSERT INTO thr_object_default(object_def_id,object_category_id,object_type_id,label,order_seq,mandatory,note,valid_from,valid_to,creation_date,created_by,last_update_date,last_updated_by,status,column_num,row_num,height,width,item_type_id,item_size,lov_url,decimal_places,unit_code,parent_id,parent_query_param,min_value,max_value,default_value) VALUES (10,10,180,'Allergies',12,'N',NULL,'2021-07-27',NULL,'2021-07-27','BYDEV','2021-07-27','BYDEV','D',3,10,2,2,'textarea',4000,'LovURLExample',NULL,NULL,NULL,NULL,NULL,NULL,NULL);
INSERT INTO thr_object_default(object_def_id,object_category_id,object_type_id,label,order_seq,mandatory,note,valid_from,valid_to,creation_date,created_by,last_update_date,last_updated_by,status,column_num,row_num,height,width,item_type_id,item_size,lov_url,decimal_places,unit_code,parent_id,parent_query_param,min_value,max_value,default_value) VALUES (11,10,190,'Diagnostic findings',14,'N',NULL,'2021-07-27',NULL,'2021-07-27','BYDEV','2021-07-27','BYDEV','D',1,15,3,4,'textarea',4000,'LovURLExample',NULL,NULL,NULL,NULL,NULL,NULL,NULL);
INSERT INTO thr_object_default(object_def_id,object_category_id,object_type_id,label,order_seq,mandatory,note,valid_from,valid_to,creation_date,created_by,last_update_date,last_updated_by,status,column_num,row_num,height,width,item_type_id,item_size,lov_url,decimal_places,unit_code,parent_id,parent_query_param,min_value,max_value,default_value) VALUES (12,10,200,'Recommendations',16,'N',NULL,'2021-07-27',NULL,'2021-07-27','BYDEV','2021-07-27','BYDEV','D',1,22,2,4,'textarea',4000,'LovURLExample',NULL,NULL,NULL,NULL,NULL,NULL,NULL);
INSERT INTO thr_object_default(object_def_id,object_category_id,object_type_id,label,order_seq,mandatory,note,valid_from,valid_to,creation_date,created_by,last_update_date,last_updated_by,status,column_num,row_num,height,width,item_type_id,item_size,lov_url,decimal_places,unit_code,parent_id,parent_query_param,min_value,max_value,default_value) VALUES (13,10,210,'Internal notes',17,'N',NULL,'2021-07-27',NULL,'2021-07-27','BYDEV','2021-07-27','BYDEV','D',1,24,2,4,'textarea',4000,'LovURLExample',NULL,NULL,NULL,NULL,NULL,NULL,NULL);
INSERT INTO thr_object_default(object_def_id,object_category_id,object_type_id,label,order_seq,mandatory,note,valid_from,valid_to,creation_date,created_by,last_update_date,last_updated_by,status,column_num,row_num,height,width,item_type_id,item_size,lov_url,decimal_places,unit_code,parent_id,parent_query_param,min_value,max_value,default_value) VALUES (14,10,30,'Conclusion',15,'D',NULL,'2021-07-27',NULL,'2021-07-27','BYDEV','2021-07-27','BYDEV','D',1,18,4,4,'textarea',4000,'LovURLExample',NULL,NULL,NULL,NULL,NULL,NULL,NULL);
INSERT INTO thr_object_default(object_def_id,object_category_id,object_type_id,label,order_seq,mandatory,note,valid_from,valid_to,creation_date,created_by,last_update_date,last_updated_by,status,column_num,row_num,height,width,item_type_id,item_size,lov_url,decimal_places,unit_code,parent_id,parent_query_param,min_value,max_value,default_value) VALUES (15,40,10,'Status',3,'N',NULL,'2021-07-27',NULL,'2021-07-06','BYDEV',NULL,NULL,'D',1,7,4,4,'textarea',4000,'LovURLExample',NULL,NULL,NULL,NULL,NULL,NULL,NULL);
INSERT INTO thr_object_default(object_def_id,object_category_id,object_type_id,label,order_seq,mandatory,note,valid_from,valid_to,creation_date,created_by,last_update_date,last_updated_by,status,column_num,row_num,height,width,item_type_id,item_size,lov_url,decimal_places,unit_code,parent_id,parent_query_param,min_value,max_value,default_value) VALUES (16,40,190,'Diagnostic findings',5,'N',NULL,'2021-07-27',NULL,'2021-07-27','BYDEV',NULL,NULL,'D',1,13,2,4,'textarea',4000,'LovURLExample',NULL,NULL,NULL,NULL,NULL,NULL,NULL);
INSERT INTO thr_object_default(object_def_id,object_category_id,object_type_id,label,order_seq,mandatory,note,valid_from,valid_to,creation_date,created_by,last_update_date,last_updated_by,status,column_num,row_num,height,width,item_type_id,item_size,lov_url,decimal_places,unit_code,parent_id,parent_query_param,min_value,max_value,default_value) VALUES (17,40,200,'Recommendations',11,'N',NULL,'2021-07-27',NULL,'2021-07-27','BYDEV',NULL,NULL,'D',1,24,2,4,'textarea',4000,'LovURLExample',NULL,NULL,NULL,NULL,NULL,NULL,NULL);
INSERT INTO thr_object_default(object_def_id,object_category_id,object_type_id,label,order_seq,mandatory,note,valid_from,valid_to,creation_date,created_by,last_update_date,last_updated_by,status,column_num,row_num,height,width,item_type_id,item_size,lov_url,decimal_places,unit_code,parent_id,parent_query_param,min_value,max_value,default_value) VALUES (18,40,210,'Internal notes',12,'N',NULL,'2021-07-27',NULL,'2021-07-27','BYDEV',NULL,NULL,'D',1,30,2,4,'textarea',4000,'LovURLExample',NULL,NULL,NULL,NULL,NULL,NULL,NULL);
INSERT INTO thr_object_default(object_def_id,object_category_id,object_type_id,label,order_seq,mandatory,note,valid_from,valid_to,creation_date,created_by,last_update_date,last_updated_by,status,column_num,row_num,height,width,item_type_id,item_size,lov_url,decimal_places,unit_code,parent_id,parent_query_param,min_value,max_value,default_value) VALUES (19,40,220,'Reason for hospitalization',1,'D',NULL,'2021-07-27',NULL,'2021-07-27','BYDEV',NULL,NULL,'D',1,1,2,4,'textarea',4000,'LovURLExample',NULL,NULL,NULL,NULL,NULL,NULL,NULL);
INSERT INTO thr_object_default(object_def_id,object_category_id,object_type_id,label,order_seq,mandatory,note,valid_from,valid_to,creation_date,created_by,last_update_date,last_updated_by,status,column_num,row_num,height,width,item_type_id,item_size,lov_url,decimal_places,unit_code,parent_id,parent_query_param,min_value,max_value,default_value) VALUES (20,40,230,'Surgical procedures',4,'N',NULL,'2021-07-27',NULL,'2021-07-27','BYDEV',NULL,NULL,'D',1,11,2,4,'textarea',4000,'LovURLExample',NULL,NULL,NULL,NULL,NULL,NULL,NULL);
INSERT INTO thr_object_default(object_def_id,object_category_id,object_type_id,label,order_seq,mandatory,note,valid_from,valid_to,creation_date,created_by,last_update_date,last_updated_by,status,column_num,row_num,height,width,item_type_id,item_size,lov_url,decimal_places,unit_code,parent_id,parent_query_param,min_value,max_value,default_value) VALUES (21,40,240,'Diagnostic procedures in process',6,'N',NULL,'2021-07-27',NULL,'2021-07-27','BYDEV',NULL,NULL,'D',1,17,2,4,'textarea',4000,'LovURLExample',NULL,NULL,NULL,NULL,NULL,NULL,NULL);
INSERT INTO thr_object_default(object_def_id,object_category_id,object_type_id,label,order_seq,mandatory,note,valid_from,valid_to,creation_date,created_by,last_update_date,last_updated_by,status,column_num,row_num,height,width,item_type_id,item_size,lov_url,decimal_places,unit_code,parent_id,parent_query_param,min_value,max_value,default_value) VALUES (22,40,250,'Discharge status',7,'N',NULL,'2021-07-27',NULL,'2021-07-27','BYDEV',NULL,NULL,'D',1,15,2,4,'textarea',4000,'LovURLExample',NULL,NULL,NULL,NULL,NULL,NULL,NULL);
INSERT INTO thr_object_default(object_def_id,object_category_id,object_type_id,label,order_seq,mandatory,note,valid_from,valid_to,creation_date,created_by,last_update_date,last_updated_by,status,column_num,row_num,height,width,item_type_id,item_size,lov_url,decimal_places,unit_code,parent_id,parent_query_param,min_value,max_value,default_value) VALUES (23,40,260,'Discharge therapy',8,'N',NULL,'2021-07-27',NULL,'2021-07-27','BYDEV',NULL,NULL,'D',1,19,2,4,'textarea',4000,'LovURLExample',NULL,NULL,NULL,NULL,NULL,NULL,NULL);
INSERT INTO thr_object_default(object_def_id,object_category_id,object_type_id,label,order_seq,mandatory,note,valid_from,valid_to,creation_date,created_by,last_update_date,last_updated_by,status,column_num,row_num,height,width,item_type_id,item_size,lov_url,decimal_places,unit_code,parent_id,parent_query_param,min_value,max_value,default_value) VALUES (24,40,270,'Summary of treatment',9,'N',NULL,'2021-07-27',NULL,'2021-07-27','BYDEV',NULL,NULL,'D',1,21,3,4,'textarea',4000,'LovURLExample',NULL,NULL,NULL,NULL,NULL,NULL,NULL);
INSERT INTO thr_object_default(object_def_id,object_category_id,object_type_id,label,order_seq,mandatory,note,valid_from,valid_to,creation_date,created_by,last_update_date,last_updated_by,status,column_num,row_num,height,width,item_type_id,item_size,lov_url,decimal_places,unit_code,parent_id,parent_query_param,min_value,max_value,default_value) VALUES (25,40,20,'Anamnesis',2,'D',NULL,'2021-07-27',NULL,'2021-07-07','BYDEV',NULL,NULL,'D',1,3,4,4,'textarea',4000,'LovURLExample',NULL,NULL,NULL,NULL,NULL,NULL,NULL);
INSERT INTO thr_object_default(object_def_id,object_category_id,object_type_id,label,order_seq,mandatory,note,valid_from,valid_to,creation_date,created_by,last_update_date,last_updated_by,status,column_num,row_num,height,width,item_type_id,item_size,lov_url,decimal_places,unit_code,parent_id,parent_query_param,min_value,max_value,default_value) VALUES (26,40,30,'Conclusion',10,'D',NULL,'2021-07-27',NULL,'2021-07-07','BYDEV',NULL,NULL,'D',1,26,4,4,'textarea',4000,'LovURLExample',NULL,NULL,NULL,NULL,NULL,NULL,NULL);
INSERT INTO thr_object_default(object_def_id,object_category_id,object_type_id,label,order_seq,mandatory,note,valid_from,valid_to,creation_date,created_by,last_update_date,last_updated_by,status,column_num,row_num,height,width,item_type_id,item_size,lov_url,decimal_places,unit_code,parent_id,parent_query_param,min_value,max_value,default_value) VALUES (27,70,280,'Decursus',1,'D',NULL,'2021-10-07',NULL,'2021-10-07','BYDEV','2021-10-07','BYDEV','D',1,1,5,4,'textarea',4000,NULL,NULL,NULL,NULL,NULL,NULL,NULL,NULL);
INSERT INTO thr_object_default(object_def_id,object_category_id,object_type_id,label,order_seq,mandatory,note,valid_from,valid_to,creation_date,created_by,last_update_date,last_updated_by,status,column_num,row_num,height,width,item_type_id,item_size,lov_url,decimal_places,unit_code,parent_id,parent_query_param,min_value,max_value,default_value) VALUES (28,50,290,'Temperature',1,'N',NULL,'2021-10-07',NULL,'2021-10-07','BYDEV','2021-10-07','BYDEV','D',1,1,1,2,'numberitem',3,NULL,1,'Cel',NULL,NULL,35.20,42.00,NULL);
INSERT INTO thr_object_default(object_def_id,object_category_id,object_type_id,label,order_seq,mandatory,note,valid_from,valid_to,creation_date,created_by,last_update_date,last_updated_by,status,column_num,row_num,height,width,item_type_id,item_size,lov_url,decimal_places,unit_code,parent_id,parent_query_param,min_value,max_value,default_value) VALUES (29,50,300,'Pulse',2,'N',NULL,'2021-10-07',NULL,'2021-10-07','BYDEV','2021-10-07','BYDEV','D',1,2,1,2,'numberitem',3,NULL,NULL,'/min',NULL,NULL,NULL,NULL,NULL);
INSERT INTO thr_object_default(object_def_id,object_category_id,object_type_id,label,order_seq,mandatory,note,valid_from,valid_to,creation_date,created_by,last_update_date,last_updated_by,status,column_num,row_num,height,width,item_type_id,item_size,lov_url,decimal_places,unit_code,parent_id,parent_query_param,min_value,max_value,default_value) VALUES (30,50,310,'Systolic pressure',3,'N',NULL,'2021-10-07',NULL,'2021-10-07','BYDEV','2021-10-07','BYDEV','D',1,3,1,2,'numberitem',3,NULL,NULL,'mm[Hg]',NULL,NULL,NULL,NULL,NULL);
INSERT INTO thr_object_default(object_def_id,object_category_id,object_type_id,label,order_seq,mandatory,note,valid_from,valid_to,creation_date,created_by,last_update_date,last_updated_by,status,column_num,row_num,height,width,item_type_id,item_size,lov_url,decimal_places,unit_code,parent_id,parent_query_param,min_value,max_value,default_value) VALUES (31,50,311,'Diastolic pressure',4,'N',NULL,'2021-10-07',NULL,'2021-10-07','BYDEV','2021-10-07','BYDEV','D',3,3,1,2,'numberitem',3,NULL,NULL,'mm[Hg]',NULL,NULL,NULL,NULL,NULL);
INSERT INTO thr_object_default(object_def_id,object_category_id,object_type_id,label,order_seq,mandatory,note,valid_from,valid_to,creation_date,created_by,last_update_date,last_updated_by,status,column_num,row_num,height,width,item_type_id,item_size,lov_url,decimal_places,unit_code,parent_id,parent_query_param,min_value,max_value,default_value) VALUES (32,50,312,'Saturation',5,'N',NULL,'2021-10-07',NULL,'2021-10-07','BYDEV','2021-10-07','BYDEV','D',1,4,1,2,'numberitem',3,NULL,NULL,'%{saturation}',NULL,NULL,NULL,100.00,NULL);
INSERT INTO thr_object_default(object_def_id,object_category_id,object_type_id,label,order_seq,mandatory,note,valid_from,valid_to,creation_date,created_by,last_update_date,last_updated_by,status,column_num,row_num,height,width,item_type_id,item_size,lov_url,decimal_places,unit_code,parent_id,parent_query_param,min_value,max_value,default_value) VALUES (33,50,313,'Respiration',6,'N',NULL,'2021-10-07',NULL,'2021-10-07','BYDEV','2021-10-07','BYDEV','D',1,5,1,2,'numberitem',2,NULL,NULL,'{Breaths}/min',NULL,NULL,NULL,NULL,NULL);
INSERT INTO thr_object_default(object_def_id,object_category_id,object_type_id,label,order_seq,mandatory,note,valid_from,valid_to,creation_date,created_by,last_update_date,last_updated_by,status,column_num,row_num,height,width,item_type_id,item_size,lov_url,decimal_places,unit_code,parent_id,parent_query_param,min_value,max_value,default_value) VALUES (34,120,41,'Text Item',1,'D',NULL,'2021-10-22',NULL,'2021-10-22','BYDEV','2021-10-22','BYDEV','D',1,1,1,1,'textitem',100,'LovURLExample',NULL,NULL,NULL,NULL,NULL,NULL,NULL);
INSERT INTO thr_object_default(object_def_id,object_category_id,object_type_id,label,order_seq,mandatory,note,valid_from,valid_to,creation_date,created_by,last_update_date,last_updated_by,status,column_num,row_num,height,width,item_type_id,item_size,lov_url,decimal_places,unit_code,parent_id,parent_query_param,min_value,max_value,default_value) VALUES (35,120,42,'Predefined Text Item',3,'N',NULL,'2021-10-22',NULL,'2021-10-22','BYDEV','2021-10-22','BYDEV','D',3,1,1,2,'textitem',100,'LovURLExample',NULL,NULL,NULL,NULL,NULL,NULL,'AAAAAA');
INSERT INTO thr_object_default(object_def_id,object_category_id,object_type_id,label,order_seq,mandatory,note,valid_from,valid_to,creation_date,created_by,last_update_date,last_updated_by,status,column_num,row_num,height,width,item_type_id,item_size,lov_url,decimal_places,unit_code,parent_id,parent_query_param,min_value,max_value,default_value) VALUES (36,120,43,'Text Area',2,'D',NULL,'2021-10-22',NULL,'2021-10-22','BYDEV','2021-10-22','BYDEV','D',1,2,3,2,'textarea',2000,'LovURLExample',NULL,NULL,NULL,NULL,NULL,NULL,NULL);
INSERT INTO thr_object_default(object_def_id,object_category_id,object_type_id,label,order_seq,mandatory,note,valid_from,valid_to,creation_date,created_by,last_update_date,last_updated_by,status,column_num,row_num,height,width,item_type_id,item_size,lov_url,decimal_places,unit_code,parent_id,parent_query_param,min_value,max_value,default_value) VALUES (37,120,44,'Predefined Text Area',4,'N',NULL,'2021-10-22',NULL,'2021-10-22','BYDEV','2021-10-22','BYDEV','D',1,6,2,4,'textarea',2000,'LovURLExample',NULL,NULL,NULL,NULL,NULL,NULL,'BBBBBBB');
INSERT INTO thr_object_default(object_def_id,object_category_id,object_type_id,label,order_seq,mandatory,note,valid_from,valid_to,creation_date,created_by,last_update_date,last_updated_by,status,column_num,row_num,height,width,item_type_id,item_size,lov_url,decimal_places,unit_code,parent_id,parent_query_param,min_value,max_value,default_value) VALUES (38,120,61,'Master LOV',5,'D',NULL,'2021-10-22',NULL,'2021-10-22','BYDEV','2021-10-22','BYDEV','D',3,19,1,1,'selectlist',100,'/dynamicdocs/classes',NULL,NULL,NULL,NULL,NULL,NULL,NULL);
INSERT INTO thr_object_default(object_def_id,object_category_id,object_type_id,label,order_seq,mandatory,note,valid_from,valid_to,creation_date,created_by,last_update_date,last_updated_by,status,column_num,row_num,height,width,item_type_id,item_size,lov_url,decimal_places,unit_code,parent_id,parent_query_param,min_value,max_value,default_value) VALUES (39,120,62,'Child LOV',6,'D',NULL,'2021-10-22',NULL,'2021-10-22','BYDEV','2021-10-22','BYDEV','D',2,20,1,1,'selectlist',100,'/dynamicdocs/category',NULL,NULL,61,'classCode',NULL,NULL,NULL);
INSERT INTO thr_object_default(object_def_id,object_category_id,object_type_id,label,order_seq,mandatory,note,valid_from,valid_to,creation_date,created_by,last_update_date,last_updated_by,status,column_num,row_num,height,width,item_type_id,item_size,lov_url,decimal_places,unit_code,parent_id,parent_query_param,min_value,max_value,default_value) VALUES (40,120,54,'LOV',7,'D',NULL,'2021-10-22',NULL,'2021-10-22','BYDEV','2021-10-22','BYDEV','D',3,2,1,2,'lov',100,'/cts/valuesets?code=diagnosisRole',NULL,NULL,NULL,NULL,NULL,NULL,NULL);
INSERT INTO thr_object_default(object_def_id,object_category_id,object_type_id,label,order_seq,mandatory,note,valid_from,valid_to,creation_date,created_by,last_update_date,last_updated_by,status,column_num,row_num,height,width,item_type_id,item_size,lov_url,decimal_places,unit_code,parent_id,parent_query_param,min_value,max_value,default_value) VALUES (41,120,55,'Predefined LOV',8,'N',NULL,'2021-10-22',NULL,'2021-10-22','BYDEV','2021-10-22','BYDEV','D',1,9,1,2,'lov',100,'/cts/valuesets?code=diagnosisRole',NULL,NULL,NULL,NULL,NULL,NULL,'AD');
INSERT INTO thr_object_default(object_def_id,object_category_id,object_type_id,label,order_seq,mandatory,note,valid_from,valid_to,creation_date,created_by,last_update_date,last_updated_by,status,column_num,row_num,height,width,item_type_id,item_size,lov_url,decimal_places,unit_code,parent_id,parent_query_param,min_value,max_value,default_value) VALUES (42,120,45,'Date Picker',9,'D',NULL,'2021-10-22',NULL,'2021-10-22','BYDEV','2021-10-22','BYDEV','D',2,10,1,1,'datepicker',50,'LovURLExample',NULL,NULL,NULL,NULL,NULL,NULL,NULL);
INSERT INTO thr_object_default(object_def_id,object_category_id,object_type_id,label,order_seq,mandatory,note,valid_from,valid_to,creation_date,created_by,last_update_date,last_updated_by,status,column_num,row_num,height,width,item_type_id,item_size,lov_url,decimal_places,unit_code,parent_id,parent_query_param,min_value,max_value,default_value) VALUES (43,120,46,'Predefined Date Picker',10,'D',NULL,'2021-10-22',NULL,'2021-10-22','BYDEV','2021-10-22','BYDEV','D',3,11,1,1,'datepicker',50,'LovURLExample',NULL,NULL,NULL,NULL,NULL,NULL,'2021-11-30T12:00:00');
INSERT INTO thr_object_default(object_def_id,object_category_id,object_type_id,label,order_seq,mandatory,note,valid_from,valid_to,creation_date,created_by,last_update_date,last_updated_by,status,column_num,row_num,height,width,item_type_id,item_size,lov_url,decimal_places,unit_code,parent_id,parent_query_param,min_value,max_value,default_value) VALUES (44,120,47,'Check Box',11,'D',NULL,'2021-10-22',NULL,'2021-10-22','BYDEV','2021-10-22','BYDEV','D',1,12,1,2,'checkbox',50,'LovURLExample',NULL,NULL,NULL,NULL,NULL,NULL,NULL);
INSERT INTO thr_object_default(object_def_id,object_category_id,object_type_id,label,order_seq,mandatory,note,valid_from,valid_to,creation_date,created_by,last_update_date,last_updated_by,status,column_num,row_num,height,width,item_type_id,item_size,lov_url,decimal_places,unit_code,parent_id,parent_query_param,min_value,max_value,default_value) VALUES (45,120,48,'Active Check Box',12,'N',NULL,'2021-10-22',NULL,'2021-10-22','BYDEV','2021-10-22','BYDEV','D',3,12,1,2,'checkbox',50,'LovURLExample',NULL,NULL,NULL,NULL,NULL,NULL,'true');
INSERT INTO thr_object_default(object_def_id,object_category_id,object_type_id,label,order_seq,mandatory,note,valid_from,valid_to,creation_date,created_by,last_update_date,last_updated_by,status,column_num,row_num,height,width,item_type_id,item_size,lov_url,decimal_places,unit_code,parent_id,parent_query_param,min_value,max_value,default_value) VALUES (47,120,49,'Radio Button',13,'D',NULL,'2021-10-22',NULL,'2021-10-22','BYDEV','2021-10-22','BYDEV','D',3,14,1,2,'radiobutton',50,'/cts/valuesets?code=diagnosisRole',NULL,NULL,NULL,NULL,NULL,NULL,NULL);
INSERT INTO thr_object_default(object_def_id,object_category_id,object_type_id,label,order_seq,mandatory,note,valid_from,valid_to,creation_date,created_by,last_update_date,last_updated_by,status,column_num,row_num,height,width,item_type_id,item_size,lov_url,decimal_places,unit_code,parent_id,parent_query_param,min_value,max_value,default_value) VALUES (48,120,51,'Active Radio Button',14,'N',NULL,'2021-10-22',NULL,'2021-10-22','BYDEV','2021-10-22','BYDEV','D',1,14,1,2,'radiobutton',50,'/cts/valuesets?code=diagnosisRole',NULL,NULL,NULL,NULL,NULL,NULL,'AD');
INSERT INTO thr_object_default(object_def_id,object_category_id,object_type_id,label,order_seq,mandatory,note,valid_from,valid_to,creation_date,created_by,last_update_date,last_updated_by,status,column_num,row_num,height,width,item_type_id,item_size,lov_url,decimal_places,unit_code,parent_id,parent_query_param,min_value,max_value,default_value) VALUES (49,120,52,'Select List',15,'D',NULL,'2021-10-22',NULL,'2021-10-22','BYDEV','2021-10-22','BYDEV','D',1,8,1,2,'selectlist',50,'/cts/valuesets?code=diagnosisRole',NULL,NULL,NULL,NULL,NULL,NULL,NULL);
INSERT INTO thr_object_default(object_def_id,object_category_id,object_type_id,label,order_seq,mandatory,note,valid_from,valid_to,creation_date,created_by,last_update_date,last_updated_by,status,column_num,row_num,height,width,item_type_id,item_size,lov_url,decimal_places,unit_code,parent_id,parent_query_param,min_value,max_value,default_value) VALUES (50,120,53,'Predefined Select List',16,'N',NULL,'2021-10-22',NULL,'2021-10-22','BYDEV','2021-10-22','BYDEV','D',1,8,1,3,'selectlist',50,'/cts/valuesets?code=diagnosisRole',NULL,NULL,NULL,NULL,NULL,NULL,'AD');
INSERT INTO thr_object_default(object_def_id,object_category_id,object_type_id,label,order_seq,mandatory,note,valid_from,valid_to,creation_date,created_by,last_update_date,last_updated_by,status,column_num,row_num,height,width,item_type_id,item_size,lov_url,decimal_places,unit_code,parent_id,parent_query_param,min_value,max_value,default_value) VALUES (51,120,56,'Number',17,'D',NULL,'2021-10-22',NULL,'2021-10-22','BYDEV','2021-10-22','BYDEV','D',3,16,1,2,'numberitem',3,'LovURLExample',NULL,NULL,NULL,NULL,NULL,NULL,NULL);
INSERT INTO thr_object_default(object_def_id,object_category_id,object_type_id,label,order_seq,mandatory,note,valid_from,valid_to,creation_date,created_by,last_update_date,last_updated_by,status,column_num,row_num,height,width,item_type_id,item_size,lov_url,decimal_places,unit_code,parent_id,parent_query_param,min_value,max_value,default_value) VALUES (52,120,57,'Decimal Number',18,'D',NULL,'2021-10-22',NULL,'2021-10-22','BYDEV','2021-10-22','BYDEV','D',2,18,1,1,'numberitem',3,'LovURLExample',2,NULL,NULL,NULL,NULL,NULL,NULL);
INSERT INTO thr_object_default(object_def_id,object_category_id,object_type_id,label,order_seq,mandatory,note,valid_from,valid_to,creation_date,created_by,last_update_date,last_updated_by,status,column_num,row_num,height,width,item_type_id,item_size,lov_url,decimal_places,unit_code,parent_id,parent_query_param,min_value,max_value,default_value) VALUES (53,120,58,'Number with Min/Max (5 - 10)',19,'N',NULL,'2021-10-22',NULL,'2021-10-22','BYDEV','2021-10-22','BYDEV','D',3,18,1,1,'numberitem',3,'LovURLExample',0,NULL,NULL,NULL,5.00,10.00,NULL);
INSERT INTO thr_object_default(object_def_id,object_category_id,object_type_id,label,order_seq,mandatory,note,valid_from,valid_to,creation_date,created_by,last_update_date,last_updated_by,status,column_num,row_num,height,width,item_type_id,item_size,lov_url,decimal_places,unit_code,parent_id,parent_query_param,min_value,max_value,default_value) VALUES (54,120,59,'Decimal Number with Min/Max (2.19 - 10.89)',20,'N',NULL,'2021-10-22',NULL,'2021-10-22','BYDEV','2021-10-22','BYDEV','D',1,20,1,1,'numberitem',3,'LovURLExample',2,NULL,NULL,NULL,2.19,10.89,NULL);
INSERT INTO thr_object_default(object_def_id,object_category_id,object_type_id,label,order_seq,mandatory,note,valid_from,valid_to,creation_date,created_by,last_update_date,last_updated_by,status,column_num,row_num,height,width,item_type_id,item_size,lov_url,decimal_places,unit_code,parent_id,parent_query_param,min_value,max_value,default_value) VALUES (55,90,20,'Anamnesis',1,'N',NULL,'2021-11-23',NULL,'2021-11-23','BYDEV','2021-11-23','BYDEV','D',1,1,2,4,'textarea',2000,'LovURLExample',NULL,NULL,NULL,NULL,NULL,NULL,NULL);
INSERT INTO thr_object_default(object_def_id,object_category_id,object_type_id,label,order_seq,mandatory,note,valid_from,valid_to,creation_date,created_by,last_update_date,last_updated_by,status,column_num,row_num,height,width,item_type_id,item_size,lov_url,decimal_places,unit_code,parent_id,parent_query_param,min_value,max_value,default_value) VALUES (56,90,190,'Diagnostic findings',2,'N',NULL,'2021-11-23',NULL,'2021-11-23','BYDEV','2021-11-23','BYDEV','D',1,3,2,4,'textarea',50,'LovURLExample',NULL,NULL,NULL,NULL,NULL,NULL,NULL);
INSERT INTO thr_object_default(object_def_id,object_category_id,object_type_id,label,order_seq,mandatory,note,valid_from,valid_to,creation_date,created_by,last_update_date,last_updated_by,status,column_num,row_num,height,width,item_type_id,item_size,lov_url,decimal_places,unit_code,parent_id,parent_query_param,min_value,max_value,default_value) VALUES (57,90,30,'Conclusion',3,'N',NULL,'2021-11-23',NULL,'2021-11-23','BYDEV','2021-11-23','BYDEV','D',1,5,2,4,'textarea',50,'LovURLExample',NULL,NULL,NULL,NULL,NULL,NULL,NULL);
INSERT INTO thr_object_default(object_def_id,object_category_id,object_type_id,label,order_seq,mandatory,note,valid_from,valid_to,creation_date,created_by,last_update_date,last_updated_by,status,column_num,row_num,height,width,item_type_id,item_size,lov_url,decimal_places,unit_code,parent_id,parent_query_param,min_value,max_value,default_value) VALUES (58,130,230,'Surgical procedures',1,'N',NULL,'2021-11-29',NULL,'2021-11-29','BYDEV','2021-11-29','BYDEV','N',1,1,2,4,'textarea',50,'LovURLExample',NULL,NULL,NULL,NULL,NULL,NULL,NULL);
INSERT INTO thr_object_default(object_def_id,object_category_id,object_type_id,label,order_seq,mandatory,note,valid_from,valid_to,creation_date,created_by,last_update_date,last_updated_by,status,column_num,row_num,height,width,item_type_id,item_size,lov_url,decimal_places,unit_code,parent_id,parent_query_param,min_value,max_value,default_value) VALUES (59,130,10,'Status',2,'N',NULL,'2021-11-23',NULL,'2021-11-23','BYDEV','2021-11-23','BYDEV','N',1,3,2,4,'textarea',50,'LovURLExample',NULL,NULL,NULL,NULL,NULL,NULL,NULL);
INSERT INTO thr_object_default(object_def_id,object_category_id,object_type_id,label,order_seq,mandatory,note,valid_from,valid_to,creation_date,created_by,last_update_date,last_updated_by,status,column_num,row_num,height,width,item_type_id,item_size,lov_url,decimal_places,unit_code,parent_id,parent_query_param,min_value,max_value,default_value) VALUES (60,130,30,'Conclusion',3,'N',NULL,'2021-11-23',NULL,'2021-11-23','BYDEV','2021-11-23','BYDEV','N',1,5,2,4,'textarea',50,'LovURLExample',NULL,NULL,NULL,NULL,NULL,NULL,NULL);
INSERT INTO thr_object_default(object_def_id,object_category_id,object_type_id,label,order_seq,mandatory,note,valid_from,valid_to,creation_date,created_by,last_update_date,last_updated_by,status,column_num,row_num,height,width,item_type_id,item_size,lov_url,decimal_places,unit_code,parent_id,parent_query_param,min_value,max_value,default_value) VALUES (61,140,318,'Triage category',2,'D',NULL,'2021-07-27',NULL,'2021-07-27','BYDEV',NULL,NULL,'D',2,1,1,1,'selectlist',40,NULL,NULL,NULL,NULL,NULL,NULL,NULL,NULL);
INSERT INTO thr_object_default(object_def_id,object_category_id,object_type_id,label,order_seq,mandatory,note,valid_from,valid_to,creation_date,created_by,last_update_date,last_updated_by,status,column_num,row_num,height,width,item_type_id,item_size,lov_url,decimal_places,unit_code,parent_id,parent_query_param,min_value,max_value,default_value) VALUES (64,140,321,'Allergies',3,'N',NULL,'2021-07-27',NULL,'2021-07-27','BYDEV',NULL,NULL,'D',1,3,1,1,'checkbox',10,NULL,NULL,NULL,NULL,NULL,NULL,NULL,NULL);
INSERT INTO thr_object_default(object_def_id,object_category_id,object_type_id,label,order_seq,mandatory,note,valid_from,valid_to,creation_date,created_by,last_update_date,last_updated_by,status,column_num,row_num,height,width,item_type_id,item_size,lov_url,decimal_places,unit_code,parent_id,parent_query_param,min_value,max_value,default_value) VALUES (66,140,323,'IV cannula',4,'N',NULL,'2021-07-27',NULL,'2021-07-27','BYDEV',NULL,NULL,'D',2,3,1,1,'checkbox',10,NULL,NULL,NULL,NULL,NULL,NULL,NULL,NULL);
INSERT INTO thr_object_default(object_def_id,object_category_id,object_type_id,label,order_seq,mandatory,note,valid_from,valid_to,creation_date,created_by,last_update_date,last_updated_by,status,column_num,row_num,height,width,item_type_id,item_size,lov_url,decimal_places,unit_code,parent_id,parent_query_param,min_value,max_value,default_value) VALUES (69,140,326,'Current problems',5,'N',NULL,'2021-07-27',NULL,'2021-07-27','BYDEV',NULL,NULL,'D',1,5,2,4,'textarea',4000,NULL,NULL,NULL,NULL,NULL,NULL,NULL,NULL);
INSERT INTO thr_object_default(object_def_id,object_category_id,object_type_id,label,order_seq,mandatory,note,valid_from,valid_to,creation_date,created_by,last_update_date,last_updated_by,status,column_num,row_num,height,width,item_type_id,item_size,lov_url,decimal_places,unit_code,parent_id,parent_query_param,min_value,max_value,default_value) VALUES (70,140,327,'Injury mechanisms',6,'N',NULL,'2021-07-27',NULL,'2021-07-27','BYDEV',NULL,NULL,'D',1,4,1,1,'selectlist',10,NULL,NULL,NULL,NULL,NULL,NULL,NULL,NULL);
INSERT INTO thr_object_default(object_def_id,object_category_id,object_type_id,label,order_seq,mandatory,note,valid_from,valid_to,creation_date,created_by,last_update_date,last_updated_by,status,column_num,row_num,height,width,item_type_id,item_size,lov_url,decimal_places,unit_code,parent_id,parent_query_param,min_value,max_value,default_value) VALUES (72,140,329,'Other notes',7,'N',NULL,'2021-07-27',NULL,'2021-07-27','BYDEV',NULL,NULL,'D',1,7,2,4,'textarea',4000,NULL,NULL,NULL,NULL,NULL,NULL,NULL,NULL);
INSERT INTO thr_object_default(object_def_id,object_category_id,object_type_id,label,order_seq,mandatory,note,valid_from,valid_to,creation_date,created_by,last_update_date,last_updated_by,status,column_num,row_num,height,width,item_type_id,item_size,lov_url,decimal_places,unit_code,parent_id,parent_query_param,min_value,max_value,default_value) VALUES (79,200,336,'AVPU',9,'N',NULL,'2021-07-27',NULL,'2021-07-27','BYDEV',NULL,NULL,'D',1,6,1,2,'textarea',4000,NULL,NULL,NULL,NULL,NULL,NULL,NULL,NULL);
INSERT INTO thr_object_default(object_def_id,object_category_id,object_type_id,label,order_seq,mandatory,note,valid_from,valid_to,creation_date,created_by,last_update_date,last_updated_by,status,column_num,row_num,height,width,item_type_id,item_size,lov_url,decimal_places,unit_code,parent_id,parent_query_param,min_value,max_value,default_value) VALUES (80,200,337,'Pain',8,'N',NULL,'2021-07-27',NULL,'2021-07-27','BYDEV',NULL,NULL,'D',1,7,1,2,'numberitem',2,NULL,0,NULL,NULL,NULL,8.00,13.00,NULL);
INSERT INTO thr_object_default(object_def_id,object_category_id,object_type_id,label,order_seq,mandatory,note,valid_from,valid_to,creation_date,created_by,last_update_date,last_updated_by,status,column_num,row_num,height,width,item_type_id,item_size,lov_url,decimal_places,unit_code,parent_id,parent_query_param,min_value,max_value,default_value) VALUES (81,200,338,'Blood glucose',7,'N',NULL,'2021-07-27',NULL,'2021-07-27','BYDEV',NULL,NULL,'D',1,8,1,2,'numberitem',3,NULL,NULL,'mmol/l',NULL,NULL,NULL,NULL,NULL);
INSERT INTO thr_object_default(object_def_id,object_category_id,object_type_id,label,order_seq,mandatory,note,valid_from,valid_to,creation_date,created_by,last_update_date,last_updated_by,status,column_num,row_num,height,width,item_type_id,item_size,lov_url,decimal_places,unit_code,parent_id,parent_query_param,min_value,max_value,default_value) VALUES (82,140,339,'Time',1,'D',NULL,'2021-07-27',NULL,'2021-07-27','BYDEV',NULL,NULL,'D',1,1,1,1,'datepicker',10,NULL,NULL,NULL,NULL,NULL,NULL,NULL,NULL);
INSERT INTO thr_object_default(object_def_id,object_category_id,object_type_id,label,order_seq,mandatory,note,valid_from,valid_to,creation_date,created_by,last_update_date,last_updated_by,status,column_num,row_num,height,width,item_type_id,item_size,lov_url,decimal_places,unit_code,parent_id,parent_query_param,min_value,max_value,default_value) VALUES (83,150,340,'Eyes Open',1,'D',NULL,'2022-01-21',NULL,'2022-01-21','BYDEV','2022-01-21','BYDEV','D',1,1,1,2,'numberitem',10,NULL,NULL,NULL,NULL,NULL,NULL,NULL,NULL);
INSERT INTO thr_object_default(object_def_id,object_category_id,object_type_id,label,order_seq,mandatory,note,valid_from,valid_to,creation_date,created_by,last_update_date,last_updated_by,status,column_num,row_num,height,width,item_type_id,item_size,lov_url,decimal_places,unit_code,parent_id,parent_query_param,min_value,max_value,default_value) VALUES (84,150,341,'Verbal',2,'D',NULL,'2022-01-21',NULL,'2022-01-21','BYDEV','2022-01-21','BYDEV','D',1,2,1,2,'numberitem',10,NULL,NULL,NULL,NULL,NULL,NULL,NULL,NULL);
INSERT INTO thr_object_default(object_def_id,object_category_id,object_type_id,label,order_seq,mandatory,note,valid_from,valid_to,creation_date,created_by,last_update_date,last_updated_by,status,column_num,row_num,height,width,item_type_id,item_size,lov_url,decimal_places,unit_code,parent_id,parent_query_param,min_value,max_value,default_value) VALUES (85,150,342,'Motor',3,'D',NULL,'2022-01-21',NULL,'2022-01-21','BYDEV','2022-01-21','BYDEV','D',1,3,1,2,'numberitem',10,NULL,NULL,NULL,NULL,NULL,NULL,NULL,NULL);
INSERT INTO thr_object_default(object_def_id,object_category_id,object_type_id,label,order_seq,mandatory,note,valid_from,valid_to,creation_date,created_by,last_update_date,last_updated_by,status,column_num,row_num,height,width,item_type_id,item_size,lov_url,decimal_places,unit_code,parent_id,parent_query_param,min_value,max_value,default_value) VALUES (86,170,343,'Patient Weight',1,'D',NULL,'2022-01-21',NULL,'2022-01-21','BYDEV','2022-01-21','BYDEV','D',1,1,1,2,'numberitem',10,NULL,NULL,'kg',NULL,NULL,NULL,NULL,NULL);
INSERT INTO thr_object_default(object_def_id,object_category_id,object_type_id,label,order_seq,mandatory,note,valid_from,valid_to,creation_date,created_by,last_update_date,last_updated_by,status,column_num,row_num,height,width,item_type_id,item_size,lov_url,decimal_places,unit_code,parent_id,parent_query_param,min_value,max_value,default_value) VALUES (87,170,344,'Patient Height',2,'D',NULL,'2022-01-21',NULL,'2022-01-21','BYDEV','2022-01-21','BYDEV','D',1,2,1,2,'numberitem',10,NULL,NULL,'cm',NULL,NULL,NULL,NULL,NULL);
INSERT INTO thr_object_default(object_def_id,object_category_id,object_type_id,label,order_seq,mandatory,note,valid_from,valid_to,creation_date,created_by,last_update_date,last_updated_by,status,column_num,row_num,height,width,item_type_id,item_size,lov_url,decimal_places,unit_code,parent_id,parent_query_param,min_value,max_value,default_value) VALUES (88,170,345,'Head Circumference',3,'D',NULL,'2022-01-21',NULL,'2022-01-21','BYDEV','2022-01-21','BYDEV','D',1,3,1,2,'numberitem',10,NULL,NULL,'cm',NULL,NULL,NULL,NULL,NULL);
INSERT INTO thr_object_default(object_def_id,object_category_id,object_type_id,label,order_seq,mandatory,note,valid_from,valid_to,creation_date,created_by,last_update_date,last_updated_by,status,column_num,row_num,height,width,item_type_id,item_size,lov_url,decimal_places,unit_code,parent_id,parent_query_param,min_value,max_value,default_value) VALUES (89,170,346,'Gestational Age',4,'D',NULL,'2022-01-21',NULL,'2022-01-21','BYDEV','2022-01-21','BYDEV','D',1,4,1,2,'numberitem',10,NULL,NULL,'wk',NULL,NULL,NULL,NULL,NULL);
INSERT INTO thr_object_default(object_def_id,object_category_id,object_type_id,label,order_seq,mandatory,note,valid_from,valid_to,creation_date,created_by,last_update_date,last_updated_by,status,column_num,row_num,height,width,item_type_id,item_size,lov_url,decimal_places,unit_code,parent_id,parent_query_param,min_value,max_value,default_value) VALUES (90,170,347,'Gender',5,'D',NULL,'2022-01-21',NULL,'2022-01-21','BYDEV','2022-01-21','BYDEV','D',1,5,1,1,'textitem',1,NULL,NULL,NULL,NULL,NULL,NULL,NULL,NULL);
INSERT INTO thr_object_default(object_def_id,object_category_id,object_type_id,label,order_seq,mandatory,note,valid_from,valid_to,creation_date,created_by,last_update_date,last_updated_by,status,column_num,row_num,height,width,item_type_id,item_size,lov_url,decimal_places,unit_code,parent_id,parent_query_param,min_value,max_value,default_value) VALUES (91,180,348,'Age',1,'D',NULL,'2022-01-21',NULL,'2022-01-21','BYDEV','2022-01-21','BYDEV','D',1,1,1,1,'numberitem',4,NULL,NULL,'mo',NULL,NULL,NULL,NULL,NULL);
INSERT INTO thr_object_default(object_def_id,object_category_id,object_type_id,label,order_seq,mandatory,note,valid_from,valid_to,creation_date,created_by,last_update_date,last_updated_by,status,column_num,row_num,height,width,item_type_id,item_size,lov_url,decimal_places,unit_code,parent_id,parent_query_param,min_value,max_value,default_value) VALUES (92,160,350,'date of initial inspection',1,'N',NULL,'2022-02-15',NULL,'2022-02-15','BYDEV','2022-02-15','BYDEV','D',1,1,1,1,'datepicker',50,'LovURLExample',NULL,NULL,NULL,NULL,NULL,NULL,NULL);
INSERT INTO thr_object_default(object_def_id,object_category_id,object_type_id,label,order_seq,mandatory,note,valid_from,valid_to,creation_date,created_by,last_update_date,last_updated_by,status,column_num,row_num,height,width,item_type_id,item_size,lov_url,decimal_places,unit_code,parent_id,parent_query_param,min_value,max_value,default_value) VALUES (93,160,351,'Complaints',2,'N',NULL,'2022-02-15',NULL,'2022-02-15','BYDEV','2022-02-15','BYDEV','D',2,1,1,3,'textarea',100,'LovURLExample',NULL,NULL,NULL,NULL,NULL,NULL,NULL);
INSERT INTO thr_object_default(object_def_id,object_category_id,object_type_id,label,order_seq,mandatory,note,valid_from,valid_to,creation_date,created_by,last_update_date,last_updated_by,status,column_num,row_num,height,width,item_type_id,item_size,lov_url,decimal_places,unit_code,parent_id,parent_query_param,min_value,max_value,default_value) VALUES (94,160,352,'Examined for scabies',3,'N',NULL,'2022-02-15',NULL,'2022-02-15','BYDEV','2022-02-15','BYDEV','D',1,2,1,1,'textitem',100,'LovURLExample',NULL,NULL,NULL,NULL,NULL,NULL,NULL);
INSERT INTO thr_object_default(object_def_id,object_category_id,object_type_id,label,order_seq,mandatory,note,valid_from,valid_to,creation_date,created_by,last_update_date,last_updated_by,status,column_num,row_num,height,width,item_type_id,item_size,lov_url,decimal_places,unit_code,parent_id,parent_query_param,min_value,max_value,default_value) VALUES (95,160,353,'(Exsaminded) on pediculosis',4,'N',NULL,'2022-02-15',NULL,'2022-02-15','BYDEV','2022-02-15','BYDEV','D',2,2,1,1,'textitem',100,'LovURLExample',NULL,NULL,NULL,NULL,NULL,NULL,NULL);
INSERT INTO thr_object_default(object_def_id,object_category_id,object_type_id,label,order_seq,mandatory,note,valid_from,valid_to,creation_date,created_by,last_update_date,last_updated_by,status,column_num,row_num,height,width,item_type_id,item_size,lov_url,decimal_places,unit_code,parent_id,parent_query_param,min_value,max_value,default_value) VALUES (96,160,354,'Interviewed for teniosis',5,'N',NULL,'2022-02-15',NULL,'2022-02-15','BYDEV','2022-02-15','BYDEV','D',3,2,1,1,'textitem',100,'LovURLExample',NULL,NULL,NULL,NULL,NULL,NULL,NULL);
INSERT INTO thr_object_default(object_def_id,object_category_id,object_type_id,label,order_seq,mandatory,note,valid_from,valid_to,creation_date,created_by,last_update_date,last_updated_by,status,column_num,row_num,height,width,item_type_id,item_size,lov_url,decimal_places,unit_code,parent_id,parent_query_param,min_value,max_value,default_value) VALUES (97,160,20,'Anamnesis',6,'N',NULL,'2022-02-15',NULL,'2022-02-15','BYDEV','2022-02-15','BYDEV','D',1,3,1,4,'textarea',4000,'LovURLExample',NULL,NULL,NULL,NULL,NULL,NULL,NULL);
INSERT INTO thr_object_default(object_def_id,object_category_id,object_type_id,label,order_seq,mandatory,note,valid_from,valid_to,creation_date,created_by,last_update_date,last_updated_by,status,column_num,row_num,height,width,item_type_id,item_size,lov_url,decimal_places,unit_code,parent_id,parent_query_param,min_value,max_value,default_value) VALUES (98,160,356,'General condition',7,'N',NULL,'2022-02-15',NULL,'2022-02-15','BYDEV','2022-02-15','BYDEV','D',1,4,1,1,'selectlist',100,'/cts/valuesets?code=condition-severities',NULL,NULL,NULL,NULL,NULL,NULL,NULL);
INSERT INTO thr_object_default(object_def_id,object_category_id,object_type_id,label,order_seq,mandatory,note,valid_from,valid_to,creation_date,created_by,last_update_date,last_updated_by,status,column_num,row_num,height,width,item_type_id,item_size,lov_url,decimal_places,unit_code,parent_id,parent_query_param,min_value,max_value,default_value) VALUES (99,160,357,'Consciousness',8,'N',NULL,'2022-02-15',NULL,'2022-02-15','BYDEV','2022-02-15','BYDEV','D',2,4,1,1,'selectlist',100,'/cts/valuesets?code=consciousness',NULL,NULL,NULL,NULL,NULL,NULL,NULL);
INSERT INTO thr_object_default(object_def_id,object_category_id,object_type_id,label,order_seq,mandatory,note,valid_from,valid_to,creation_date,created_by,last_update_date,last_updated_by,status,column_num,row_num,height,width,item_type_id,item_size,lov_url,decimal_places,unit_code,parent_id,parent_query_param,min_value,max_value,default_value) VALUES (101,60,359,'BMI',7,'N',NULL,'2022-02-15',NULL,'2022-02-15','BYDEV','2022-02-15','BYDEV','D',1,3,1,2,'numberitem',3,NULL,NULL,'kg/sq.m.',NULL,NULL,NULL,NULL,NULL);
INSERT INTO thr_object_default(object_def_id,object_category_id,object_type_id,label,order_seq,mandatory,note,valid_from,valid_to,creation_date,created_by,last_update_date,last_updated_by,status,column_num,row_num,height,width,item_type_id,item_size,lov_url,decimal_places,unit_code,parent_id,parent_query_param,min_value,max_value,default_value) VALUES (104,160,362,'Skin',13,'N',NULL,'2022-02-15',NULL,'2022-02-15','BYDEV','2022-02-15','BYDEV','D',3,4,1,1,'selectlist',100,'/cts/valuesets?code=color-medical',NULL,NULL,NULL,NULL,NULL,NULL,NULL);
INSERT INTO thr_object_default(object_def_id,object_category_id,object_type_id,label,order_seq,mandatory,note,valid_from,valid_to,creation_date,created_by,last_update_date,last_updated_by,status,column_num,row_num,height,width,item_type_id,item_size,lov_url,decimal_places,unit_code,parent_id,parent_query_param,min_value,max_value,default_value) VALUES (105,160,363,'Visible mucous membranes',14,'N',NULL,'2022-02-15',NULL,'2022-02-15','BYDEV','2022-02-15','BYDEV','D',4,4,1,1,'selectlist',100,'/cts/valuesets?code=visible-mucous-membranes',NULL,NULL,NULL,NULL,NULL,NULL,NULL);
INSERT INTO thr_object_default(object_def_id,object_category_id,object_type_id,label,order_seq,mandatory,note,valid_from,valid_to,creation_date,created_by,last_update_date,last_updated_by,status,column_num,row_num,height,width,item_type_id,item_size,lov_url,decimal_places,unit_code,parent_id,parent_query_param,min_value,max_value,default_value) VALUES (106,160,364,'Palatine tonsils',15,'N',NULL,'2022-02-15',NULL,'2022-02-15','BYDEV','2022-02-15','BYDEV','D',1,5,1,1,'selectlist',100,'/cts/valuesets?code=variability',NULL,NULL,NULL,NULL,NULL,NULL,NULL);
INSERT INTO thr_object_default(object_def_id,object_category_id,object_type_id,label,order_seq,mandatory,note,valid_from,valid_to,creation_date,created_by,last_update_date,last_updated_by,status,column_num,row_num,height,width,item_type_id,item_size,lov_url,decimal_places,unit_code,parent_id,parent_query_param,min_value,max_value,default_value) VALUES (107,160,365,'Lymph nodes',16,'N',NULL,'2022-02-15',NULL,'2022-02-15','BYDEV','2022-02-15','BYDEV','D',2,5,1,1,'selectlist',100,'/cts/valuesets?code=sizing',NULL,NULL,NULL,NULL,NULL,NULL,NULL);
INSERT INTO thr_object_default(object_def_id,object_category_id,object_type_id,label,order_seq,mandatory,note,valid_from,valid_to,creation_date,created_by,last_update_date,last_updated_by,status,column_num,row_num,height,width,item_type_id,item_size,lov_url,decimal_places,unit_code,parent_id,parent_query_param,min_value,max_value,default_value) VALUES (108,160,366,'Thyroid gland',17,'N',NULL,'2022-02-15',NULL,'2022-02-15','BYDEV','2022-02-15','BYDEV','D',3,5,1,1,'selectlist',100,'/cts/valuesets?code=increase',NULL,NULL,NULL,NULL,NULL,NULL,NULL);
INSERT INTO thr_object_default(object_def_id,object_category_id,object_type_id,label,order_seq,mandatory,note,valid_from,valid_to,creation_date,created_by,last_update_date,last_updated_by,status,column_num,row_num,height,width,item_type_id,item_size,lov_url,decimal_places,unit_code,parent_id,parent_query_param,min_value,max_value,default_value) VALUES (109,160,367,'Bone and joint system',18,'N',NULL,'2022-02-15',NULL,'2022-02-15','BYDEV','2022-02-15','BYDEV','D',4,5,1,1,'selectlist',100,'/cts/valuesets?code=mobility-medical',NULL,NULL,NULL,NULL,NULL,NULL,NULL);
INSERT INTO thr_object_default(object_def_id,object_category_id,object_type_id,label,order_seq,mandatory,note,valid_from,valid_to,creation_date,created_by,last_update_date,last_updated_by,status,column_num,row_num,height,width,item_type_id,item_size,lov_url,decimal_places,unit_code,parent_id,parent_query_param,min_value,max_value,default_value) VALUES (110,160,368,'The muscular system',19,'N',NULL,'2022-02-15',NULL,'2022-02-15','BYDEV','2022-02-15','BYDEV','D',1,6,1,1,'selectlist',100,'/cts/valuesets?code=changes-medical',NULL,NULL,NULL,NULL,NULL,NULL,NULL);
INSERT INTO thr_object_default(object_def_id,object_category_id,object_type_id,label,order_seq,mandatory,note,valid_from,valid_to,creation_date,created_by,last_update_date,last_updated_by,status,column_num,row_num,height,width,item_type_id,item_size,lov_url,decimal_places,unit_code,parent_id,parent_query_param,min_value,max_value,default_value) VALUES (111,60,369,'Lungs',8,'N',NULL,'2022-02-15',NULL,'2022-02-15','BYDEV','2022-02-15','BYDEV','D',1,5,1,2,'numberitem',3,NULL,NULL,'/min',NULL,NULL,NULL,NULL,NULL);
INSERT INTO thr_object_default(object_def_id,object_category_id,object_type_id,label,order_seq,mandatory,note,valid_from,valid_to,creation_date,created_by,last_update_date,last_updated_by,status,column_num,row_num,height,width,item_type_id,item_size,lov_url,decimal_places,unit_code,parent_id,parent_query_param,min_value,max_value,default_value) VALUES (112,160,370,'Lungs (Percussion sound)',21,'N',NULL,'2022-02-15',NULL,'2022-02-15','BYDEV','2022-02-15','BYDEV','D',2,6,1,1,'selectlist',100,'/cts/valuesets?code=sensitivity',NULL,NULL,NULL,NULL,NULL,NULL,NULL);
INSERT INTO thr_object_default(object_def_id,object_category_id,object_type_id,label,order_seq,mandatory,note,valid_from,valid_to,creation_date,created_by,last_update_date,last_updated_by,status,column_num,row_num,height,width,item_type_id,item_size,lov_url,decimal_places,unit_code,parent_id,parent_query_param,min_value,max_value,default_value) VALUES (113,160,371,'Respiratory noises',22,'N',NULL,'2022-02-15',NULL,'2022-02-15','BYDEV','2022-02-15','BYDEV','D',3,6,1,1,'selectlist',100,'/cts/valuesets?code=noises',NULL,NULL,NULL,NULL,NULL,NULL,NULL);
INSERT INTO thr_object_default(object_def_id,object_category_id,object_type_id,label,order_seq,mandatory,note,valid_from,valid_to,creation_date,created_by,last_update_date,last_updated_by,status,column_num,row_num,height,width,item_type_id,item_size,lov_url,decimal_places,unit_code,parent_id,parent_query_param,min_value,max_value,default_value) VALUES (114,160,372,'Wheezing',23,'N',NULL,'2022-02-15',NULL,'2022-02-15','BYDEV','2022-02-15','BYDEV','D',4,6,1,1,'selectlist',100,'/cts/valuesets?code=breathing',NULL,NULL,NULL,NULL,NULL,NULL,NULL);
INSERT INTO thr_object_default(object_def_id,object_category_id,object_type_id,label,order_seq,mandatory,note,valid_from,valid_to,creation_date,created_by,last_update_date,last_updated_by,status,column_num,row_num,height,width,item_type_id,item_size,lov_url,decimal_places,unit_code,parent_id,parent_query_param,min_value,max_value,default_value) VALUES (116,160,374,'Filling',25,'N',NULL,'2022-02-15',NULL,'2022-02-15','BYDEV','2022-02-15','BYDEV','D',1,7,1,1,'selectlist',100,'/cts/valuesets?code=filling',NULL,NULL,NULL,NULL,NULL,NULL,NULL);
INSERT INTO thr_object_default(object_def_id,object_category_id,object_type_id,label,order_seq,mandatory,note,valid_from,valid_to,creation_date,created_by,last_update_date,last_updated_by,status,column_num,row_num,height,width,item_type_id,item_size,lov_url,decimal_places,unit_code,parent_id,parent_query_param,min_value,max_value,default_value) VALUES (117,160,375,'Pulse deficit',26,'N',NULL,'2022-02-15',NULL,'2022-02-15','BYDEV','2022-02-15','BYDEV','D',3,7,1,1,'radiobutton',50,'/cts/valuesets?code=yes-no',NULL,NULL,NULL,NULL,NULL,NULL,NULL);
INSERT INTO thr_object_default(object_def_id,object_category_id,object_type_id,label,order_seq,mandatory,note,valid_from,valid_to,creation_date,created_by,last_update_date,last_updated_by,status,column_num,row_num,height,width,item_type_id,item_size,lov_url,decimal_places,unit_code,parent_id,parent_query_param,min_value,max_value,default_value) VALUES (119,160,377,'Heart',28,'N',NULL,'2022-02-15',NULL,'2022-02-15','BYDEV','2022-02-15','BYDEV','D',2,7,1,1,'selectlist',100,'/cts/valuesets?code=tones-medical',NULL,NULL,NULL,NULL,NULL,NULL,NULL);
INSERT INTO thr_object_default(object_def_id,object_category_id,object_type_id,label,order_seq,mandatory,note,valid_from,valid_to,creation_date,created_by,last_update_date,last_updated_by,status,column_num,row_num,height,width,item_type_id,item_size,lov_url,decimal_places,unit_code,parent_id,parent_query_param,min_value,max_value,default_value) VALUES (120,160,378,'Boundaries of relative sensitivity',29,'N',NULL,'2022-02-15',NULL,'2022-02-15','BYDEV','2022-02-15','BYDEV','D',4,7,1,1,'radiobutton',50,'/cts/valuesets?code=relative-sensitivity',NULL,NULL,NULL,NULL,NULL,NULL,NULL);
INSERT INTO thr_object_default(object_def_id,object_category_id,object_type_id,label,order_seq,mandatory,note,valid_from,valid_to,creation_date,created_by,last_update_date,last_updated_by,status,column_num,row_num,height,width,item_type_id,item_size,lov_url,decimal_places,unit_code,parent_id,parent_query_param,min_value,max_value,default_value) VALUES (121,160,379,'Tongue',30,'N',NULL,'2022-02-15',NULL,'2022-02-15','BYDEV','2022-02-15','BYDEV','D',1,8,1,1,'textitem',100,'LovURLExample',NULL,NULL,NULL,NULL,NULL,NULL,NULL);
INSERT INTO thr_object_default(object_def_id,object_category_id,object_type_id,label,order_seq,mandatory,note,valid_from,valid_to,creation_date,created_by,last_update_date,last_updated_by,status,column_num,row_num,height,width,item_type_id,item_size,lov_url,decimal_places,unit_code,parent_id,parent_query_param,min_value,max_value,default_value) VALUES (122,160,380,'Abdomen',31,'N',NULL,'2022-02-15',NULL,'2022-02-15','BYDEV','2022-02-15','BYDEV','D',2,8,1,1,'textitem',100,'LovURLExample',NULL,NULL,NULL,NULL,NULL,NULL,NULL);
INSERT INTO thr_object_default(object_def_id,object_category_id,object_type_id,label,order_seq,mandatory,note,valid_from,valid_to,creation_date,created_by,last_update_date,last_updated_by,status,column_num,row_num,height,width,item_type_id,item_size,lov_url,decimal_places,unit_code,parent_id,parent_query_param,min_value,max_value,default_value) VALUES (123,160,381,'Liver',32,'N',NULL,'2022-02-15',NULL,'2022-02-15','BYDEV','2022-02-15','BYDEV','D',3,8,1,1,'textitem',100,'LovURLExample',NULL,NULL,NULL,NULL,NULL,NULL,NULL);
INSERT INTO thr_object_default(object_def_id,object_category_id,object_type_id,label,order_seq,mandatory,note,valid_from,valid_to,creation_date,created_by,last_update_date,last_updated_by,status,column_num,row_num,height,width,item_type_id,item_size,lov_url,decimal_places,unit_code,parent_id,parent_query_param,min_value,max_value,default_value) VALUES (124,160,382,'Liver (Edge)',33,'N',NULL,'2022-02-15',NULL,'2022-02-15','BYDEV','2022-02-15','BYDEV','D',4,8,1,1,'textitem',100,'LovURLExample',NULL,NULL,NULL,NULL,NULL,NULL,NULL);
INSERT INTO thr_object_default(object_def_id,object_category_id,object_type_id,label,order_seq,mandatory,note,valid_from,valid_to,creation_date,created_by,last_update_date,last_updated_by,status,column_num,row_num,height,width,item_type_id,item_size,lov_url,decimal_places,unit_code,parent_id,parent_query_param,min_value,max_value,default_value) VALUES (125,160,383,'Spleen',34,'N',NULL,'2022-02-15',NULL,'2022-02-15','BYDEV','2022-02-15','BYDEV','D',1,10,1,1,'radiobutton',50,'/cts/valuesets?code=palpability-simple',NULL,NULL,NULL,NULL,NULL,NULL,NULL);
INSERT INTO thr_object_default(object_def_id,object_category_id,object_type_id,label,order_seq,mandatory,note,valid_from,valid_to,creation_date,created_by,last_update_date,last_updated_by,status,column_num,row_num,height,width,item_type_id,item_size,lov_url,decimal_places,unit_code,parent_id,parent_query_param,min_value,max_value,default_value) VALUES (126,160,384,'Kidneys',35,'N',NULL,'2022-02-15',NULL,'2022-02-15','BYDEV','2022-02-15','BYDEV','D',1,9,1,1,'textitem',100,'/cts/valuesets?code=palpability',NULL,NULL,NULL,NULL,NULL,NULL,NULL);
INSERT INTO thr_object_default(object_def_id,object_category_id,object_type_id,label,order_seq,mandatory,note,valid_from,valid_to,creation_date,created_by,last_update_date,last_updated_by,status,column_num,row_num,height,width,item_type_id,item_size,lov_url,decimal_places,unit_code,parent_id,parent_query_param,min_value,max_value,default_value) VALUES (127,160,385,'Urination',36,'N',NULL,'2022-02-15',NULL,'2022-02-15','BYDEV','2022-02-15','BYDEV','D',2,9,1,1,'textitem',100,'LovURLExample',NULL,NULL,NULL,NULL,NULL,NULL,NULL);
INSERT INTO thr_object_default(object_def_id,object_category_id,object_type_id,label,order_seq,mandatory,note,valid_from,valid_to,creation_date,created_by,last_update_date,last_updated_by,status,column_num,row_num,height,width,item_type_id,item_size,lov_url,decimal_places,unit_code,parent_id,parent_query_param,min_value,max_value,default_value) VALUES (128,160,386,'Nikturia',37,'N',NULL,'2022-02-15',NULL,'2022-02-15','BYDEV','2022-02-15','BYDEV','D',2,10,1,1,'radiobutton',50,'/cts/valuesets?code=yes-no',NULL,NULL,NULL,NULL,NULL,NULL,NULL);
INSERT INTO thr_object_default(object_def_id,object_category_id,object_type_id,label,order_seq,mandatory,note,valid_from,valid_to,creation_date,created_by,last_update_date,last_updated_by,status,column_num,row_num,height,width,item_type_id,item_size,lov_url,decimal_places,unit_code,parent_id,parent_query_param,min_value,max_value,default_value) VALUES (129,160,387,'Stool',38,'N',NULL,'2022-02-15',NULL,'2022-02-15','BYDEV','2022-02-15','BYDEV','D',3,9,1,1,'textitem',100,'LovURLExample',NULL,NULL,NULL,NULL,NULL,NULL,NULL);
INSERT INTO thr_object_default(object_def_id,object_category_id,object_type_id,label,order_seq,mandatory,note,valid_from,valid_to,creation_date,created_by,last_update_date,last_updated_by,status,column_num,row_num,height,width,item_type_id,item_size,lov_url,decimal_places,unit_code,parent_id,parent_query_param,min_value,max_value,default_value) VALUES (130,160,388,'Melena',39,'N',NULL,'2022-02-15',NULL,'2022-02-15','BYDEV','2022-02-15','BYDEV','D',3,10,1,1,'radiobutton',50,'/cts/valuesets?code=yes-no',NULL,NULL,NULL,NULL,NULL,NULL,NULL);
INSERT INTO thr_object_default(object_def_id,object_category_id,object_type_id,label,order_seq,mandatory,note,valid_from,valid_to,creation_date,created_by,last_update_date,last_updated_by,status,column_num,row_num,height,width,item_type_id,item_size,lov_url,decimal_places,unit_code,parent_id,parent_query_param,min_value,max_value,default_value) VALUES (131,160,389,'Edema',40,'N',NULL,'2022-02-15',NULL,'2022-02-15','BYDEV','2022-02-15','BYDEV','D',4,9,1,1,'textitem',100,'LovURLExample',NULL,NULL,NULL,NULL,NULL,NULL,NULL);
INSERT INTO thr_object_default(object_def_id,object_category_id,object_type_id,label,order_seq,mandatory,note,valid_from,valid_to,creation_date,created_by,last_update_date,last_updated_by,status,column_num,row_num,height,width,item_type_id,item_size,lov_url,decimal_places,unit_code,parent_id,parent_query_param,min_value,max_value,default_value) VALUES (132,160,390,'Additional data',41,'N',NULL,'2022-02-15',NULL,'2022-02-15','BYDEV','2022-02-15','BYDEV','D',4,10,1,1,'textarea',4000,'LovURLExample',NULL,NULL,NULL,NULL,NULL,NULL,NULL);
INSERT INTO thr_object_default(object_def_id,object_category_id,object_type_id,label,order_seq,mandatory,note,valid_from,valid_to,creation_date,created_by,last_update_date,last_updated_by,status,column_num,row_num,height,width,item_type_id,item_size,lov_url,decimal_places,unit_code,parent_id,parent_query_param,min_value,max_value,default_value) VALUES (133,160,240,'Diagnosis',42,'N',NULL,'2022-02-15',NULL,'2022-02-15','BYDEV','2022-02-15','BYDEV','D',1,11,1,4,'textarea',4000,'LovURLExample',NULL,NULL,NULL,NULL,NULL,NULL,NULL);
INSERT INTO thr_object_default(object_def_id,object_category_id,object_type_id,label,order_seq,mandatory,note,valid_from,valid_to,creation_date,created_by,last_update_date,last_updated_by,status,column_num,row_num,height,width,item_type_id,item_size,lov_url,decimal_places,unit_code,parent_id,parent_query_param,min_value,max_value,default_value) VALUES (134,160,392,'Sheet of temporary incapacity series',43,'N',NULL,'2022-02-15',NULL,'2022-02-15','BYDEV','2022-02-15','BYDEV','D',1,12,1,1,'textarea',4000,'LovURLExample',NULL,NULL,NULL,NULL,NULL,NULL,NULL);
INSERT INTO thr_object_default(object_def_id,object_category_id,object_type_id,label,order_seq,mandatory,note,valid_from,valid_to,creation_date,created_by,last_update_date,last_updated_by,status,column_num,row_num,height,width,item_type_id,item_size,lov_url,decimal_places,unit_code,parent_id,parent_query_param,min_value,max_value,default_value) VALUES (135,160,393,'Mode',44,'N',NULL,'2022-02-15',NULL,'2022-02-15','BYDEV','2022-02-15','BYDEV','D',2,12,1,1,'textitem',100,'LovURLExample',NULL,NULL,NULL,NULL,NULL,NULL,NULL);
INSERT INTO thr_object_default(object_def_id,object_category_id,object_type_id,label,order_seq,mandatory,note,valid_from,valid_to,creation_date,created_by,last_update_date,last_updated_by,status,column_num,row_num,height,width,item_type_id,item_size,lov_url,decimal_places,unit_code,parent_id,parent_query_param,min_value,max_value,default_value) VALUES (136,160,394,'Repeated inspection',45,'N',NULL,'2022-02-15',NULL,'2022-02-15','BYDEV','2022-02-15','BYDEV','D',4,12,1,1,'datepicker',50,'LovURLExample',NULL,NULL,NULL,NULL,NULL,NULL,NULL);
INSERT INTO thr_object_default(object_def_id,object_category_id,object_type_id,label,order_seq,mandatory,note,valid_from,valid_to,creation_date,created_by,last_update_date,last_updated_by,status,column_num,row_num,height,width,item_type_id,item_size,lov_url,decimal_places,unit_code,parent_id,parent_query_param,min_value,max_value,default_value) VALUES (137,200,300,'Pulse',1,'N',NULL,'2022-02-15',NULL,'2022-02-15','BYDEV','2022-02-15','BYDEV','D',1,2,1,2,'numberitem',3,NULL,NULL,'/min',NULL,NULL,NULL,NULL,NULL);
INSERT INTO thr_object_default(object_def_id,object_category_id,object_type_id,label,order_seq,mandatory,note,valid_from,valid_to,creation_date,created_by,last_update_date,last_updated_by,status,column_num,row_num,height,width,item_type_id,item_size,lov_url,decimal_places,unit_code,parent_id,parent_query_param,min_value,max_value,default_value) VALUES (138,200,310,'Systolic pressure',2,'N',NULL,'2022-02-15',NULL,'2022-02-15','BYDEV','2022-02-15','BYDEV','D',1,3,1,2,'numberitem',3,NULL,NULL,'mm[Hg]',NULL,NULL,NULL,NULL,NULL);
INSERT INTO thr_object_default(object_def_id,object_category_id,object_type_id,label,order_seq,mandatory,note,valid_from,valid_to,creation_date,created_by,last_update_date,last_updated_by,status,column_num,row_num,height,width,item_type_id,item_size,lov_url,decimal_places,unit_code,parent_id,parent_query_param,min_value,max_value,default_value) VALUES (139,200,311,'Diastolic pressure',3,'N',NULL,'2022-02-15',NULL,'2022-02-15','BYDEV','2022-02-15','BYDEV','D',3,3,1,2,'numberitem',3,NULL,NULL,'mm[Hg]',NULL,NULL,NULL,NULL,NULL);
INSERT INTO thr_object_default(object_def_id,object_category_id,object_type_id,label,order_seq,mandatory,note,valid_from,valid_to,creation_date,created_by,last_update_date,last_updated_by,status,column_num,row_num,height,width,item_type_id,item_size,lov_url,decimal_places,unit_code,parent_id,parent_query_param,min_value,max_value,default_value) VALUES (140,200,290,'Temperature',4,'N',NULL,'2022-02-15',NULL,'2022-02-15','BYDEV','2022-02-15','BYDEV','D',1,1,1,2,'numberitem',3,NULL,1,'Cel',NULL,NULL,35.20,42.00,NULL);
INSERT INTO thr_object_default(object_def_id,object_category_id,object_type_id,label,order_seq,mandatory,note,valid_from,valid_to,creation_date,created_by,last_update_date,last_updated_by,status,column_num,row_num,height,width,item_type_id,item_size,lov_url,decimal_places,unit_code,parent_id,parent_query_param,min_value,max_value,default_value) VALUES (141,200,313,'Respiration',5,'N',NULL,'2022-02-15',NULL,'2022-02-15','BYDEV','2022-02-15','BYDEV','D',1,5,1,2,'numberitem',2,NULL,NULL,'{Breaths}/min',NULL,NULL,NULL,NULL,NULL);
INSERT INTO thr_object_default(object_def_id,object_category_id,object_type_id,label,order_seq,mandatory,note,valid_from,valid_to,creation_date,created_by,last_update_date,last_updated_by,status,column_num,row_num,height,width,item_type_id,item_size,lov_url,decimal_places,unit_code,parent_id,parent_query_param,min_value,max_value,default_value) VALUES (142,200,312,'Saturation',6,'N',NULL,'2022-02-15',NULL,'2022-02-15','BYDEV','2022-02-15','BYDEV','D',1,4,1,2,'numberitem',3,NULL,NULL,'%{saturation}',NULL,NULL,NULL,100.00,NULL);



INSERT INTO thr_object_events_category(
	event_category_id, event_category_code, event_category_name, note, order_seq,
	valid_from, valid_to, creation_date, created_by, last_update_date, last_updated_by, status)
	VALUES (1, 'navig', 'Navigational Event', 'Use for navigation to some other part of aplication. Can be displayed even if the patient is discharged.', 1,
			'2022-02-04', null, '2022-02-04', 'BYDEV', '2022-02-04', 'BYDEV', 'D');

INSERT INTO thr_object_events_category(
	event_category_id, event_category_code, event_category_name, note, order_seq,
	valid_from, valid_to, creation_date, created_by, last_update_date, last_updated_by, status)
	VALUES (2, 'proc', 'Processing Event', 'Use for processing data. Must be hide if the patient is discharged.', 2,
			'2022-02-04', null, '2022-02-04', 'BYDEV', '2022-02-04', 'BYDEV', 'D');


INSERT INTO thr_object_events(object_event_id,object_event_code,object_event_name,display_type,note,order_seq,valid_from,valid_to,creation_date,created_by,last_update_date,last_updated_by,status,event_category_id) VALUES (1,'IMPORT_RESULTS','Import results','text','Call form for import previous diagnostic and specialistic results.',1,'2021-10-08',NULL,'2021-10-08','BYDEV','2021-10-08','BYDEV','D',1);
INSERT INTO thr_object_events(object_event_id,object_event_code,object_event_name,display_type,note,order_seq,valid_from,valid_to,creation_date,created_by,last_update_date,last_updated_by,status,event_category_id) VALUES (2,'RAD_FINDING','RAD Finding','text','Call for RAD Image',2,'2021-11-02',NULL,'2021-11-02','BYDEV','2021-11-02','BYDEV','D',2);
INSERT INTO thr_object_events(object_event_id,object_event_code,object_event_name,display_type,note,order_seq,valid_from,valid_to,creation_date,created_by,last_update_date,last_updated_by,status,event_category_id) VALUES (3,'STATIC','Static event example','text','Activate static',3,'2021-11-02',NULL,'2021-11-02','BYDEV','2021-11-02','BYDEV','D', 2);

INSERT INTO thr_object_events_l(id,object_event_id,object_event_name,language_id,note,creation_date,created_by,last_update_date,last_updated_by,status) VALUES (1,1,'Import results','en',NULL,'2022-02-04','BYDEV','2022-02-04','BYDEV','D');
INSERT INTO thr_object_events_l(id,object_event_id,object_event_name,language_id,note,creation_date,created_by,last_update_date,last_updated_by,status) VALUES (2,1,'Результаты импорта','ru',NULL,'2022-02-04','BYDEV','2022-02-04','BYDEV','D');
INSERT INTO thr_object_events_l(id,object_event_id,object_event_name,language_id,note,creation_date,created_by,last_update_date,last_updated_by,status) VALUES (3,2,'RAD finding','en',NULL,'2022-02-04','BYDEV','2022-02-04','BYDEV','D');
INSERT INTO thr_object_events_l(id,object_event_id,object_event_name,language_id,note,creation_date,created_by,last_update_date,last_updated_by,status) VALUES (4,2,'Pадиологический pезультаты','ru',NULL,'2022-02-04','BYDEV','2022-02-04','BYDEV','D');
INSERT INTO thr_object_events_l(id,object_event_id,object_event_name,language_id,note,creation_date,created_by,last_update_date,last_updated_by,status) VALUES (5,3,'Static event example','en',NULL,'2022-02-04','BYDEV','2022-02-04','BYDEV','D');
INSERT INTO thr_object_events_l(id,object_event_id,object_event_name,language_id,note,creation_date,created_by,last_update_date,last_updated_by,status) VALUES (6,3,'Пример статического события','ru',NULL,'2022-02-04','BYDEV','2022-02-04','BYDEV','D');



INSERT INTO thr_object_events_class(object_event_class_id,object_event_id,object_class_id,note,order_seq,valid_from,valid_to,creation_date,created_by,last_update_date,last_updated_by,status) VALUES (1,1,10,NULL,1,'2021-10-08',NULL,'2021-10-08','BYDEV','2021-10-08','BYDEV','D');

INSERT INTO thr_object_events_type(object_event_type_id,object_event_id,object_type_id,note,order_seq,valid_from,valid_to,creation_date,created_by,last_update_date,last_updated_by,status,object_category_id) VALUES (1,2,190,NULL,1,'2021-10-08',NULL,'2021-10-08','BYDEV','2021-10-08','BYDEV','D',100);
INSERT INTO thr_object_events_type(object_event_type_id,object_event_id,object_type_id,note,order_seq,valid_from,valid_to,creation_date,created_by,last_update_date,last_updated_by,status,object_category_id) VALUES (2,1,43,NULL,2,'2021-10-08',NULL,'2021-10-08','BYDEV','2021-10-08','BYDEV','D',100);
INSERT INTO thr_object_events_type(object_event_type_id,object_event_id,object_type_id,note,order_seq,valid_from,valid_to,creation_date,created_by,last_update_date,last_updated_by,status,object_category_id) VALUES (3,1,20,NULL,3,'2021-10-29',NULL,'2021-10-29','BYDEV','2021-10-29','BYDEV','D',100);
INSERT INTO thr_object_events_type(object_event_type_id,object_event_id,object_type_id,note,order_seq,valid_from,valid_to,creation_date,created_by,last_update_date,last_updated_by,status,object_category_id) VALUES (4,1,110,NULL,4,'2022-02-01',NULL,'2022-02-01','BYDEV','2022-02-01','BYDEV','D',100);
INSERT INTO thr_object_events_type(object_event_type_id,object_event_id,object_type_id,note,order_seq,valid_from,valid_to,creation_date,created_by,last_update_date,last_updated_by,status,object_category_id) VALUES (5,3,NULL,NULL,5,'2022-02-01',NULL,'2022-02-01','BYDEV','2022-02-01','BYDEV','D',100);





INSERT INTO thr_object_group(
object_group_id,
object_group_code,
object_category_id,
organization_code,
--note,
valid_from,
--valid_to,
creation_date,
created_by,
last_update_date,
last_updated_by,
status)
VALUES (13, 13, 140, 'urn:oid:2.16.112.1.18.5.1.1.6.1.3', '2022-01-20', '2022-01-20', 'BYDEV', '2022-01-20', 'BYDEV', 'D');


--------------------------------------------------------------------

INSERT INTO thr_object_resources_sections(
	object_res_sec_id, object_resource_code, object_resource_name, object_resource_type, object_section_id, note, order_seq, valid_from, valid_to, creation_date, created_by, last_update_date, last_updated_by, status)
	VALUES (1, 'immunization', 'Immunization', 'test', 1, 'test', 1, '2020-06-06', '2020-06-06', '2020-06-06', 'BYDEV', '2020-06-06', 'BYDEV', 'D');

INSERT INTO thr_object_resources_sections(
	object_res_sec_id, object_resource_code, object_resource_name, object_resource_type, object_section_id, note, order_seq, valid_from, valid_to, creation_date, created_by, last_update_date, last_updated_by, status)
	VALUES (2, 'condition', 'Condition', 'test', 1, 'test', 1, '2020-06-06', '2020-06-06', '2020-06-06', 'BYDEV', '2020-06-06', 'BYDEV', 'D');

INSERT INTO thr_object_sections(object_section_id,object_section_code,object_section_name,note,order_seq,valid_from,valid_to,creation_date,created_by,last_update_date,last_updated_by,status) VALUES (1,'51847-2','Assessment+Plan','The Assessment and Plan note (also called impression or diagnoses) represents the clinicians conclusions and working assumptions that will guide treatment of the patient.
			The assessment formulates a specific plan or set of recommendations.
			The assessment may be a list of specific disease entities or a narrative block.
			The Plan section contains data that defines pending orders, interventions, encounters, services, and procedures for the patient.
			It is limited to prospective, unfulfilled, or incomplete orders and requests only.
			All active, incomplete, or pending orders, appointments, referrals, procedures, services, or any other pending event of clinical significance to the current care of the patient should be listed unless constrained due to privacy issues. The plan may also contain information about ongoing care of the patient and information regarding goals and clinical reminders.
			Clinical reminders are placed here to provide prompts for disease prevention and management, patient safety, and health-care quality improvements, including widely accepted performance measures.
			The plan may also indicate that patient education was given or will be provided.',NULL,'2022-01-26',NULL,'2022-01-26','BYDEV','2022-01-26','BYDEV','D');
INSERT INTO thr_object_sections(object_section_id,object_section_code,object_section_name,note,order_seq,valid_from,valid_to,creation_date,created_by,last_update_date,last_updated_by,status) VALUES (2,'51848-0','Assessment',NULL,NULL,'2022-01-26',NULL,'2022-01-26','BYDEV','2022-01-26','BYDEV','D');
INSERT INTO thr_object_sections(object_section_id,object_section_code,object_section_name,note,order_seq,valid_from,valid_to,creation_date,created_by,last_update_date,last_updated_by,status) VALUES (3,'18776-5','Plan of care','Plan of care notes (previously defined as "Plan of treatment") contains data that defines pending orders,
			interventions, encounters, services, and procedures for the patient.
			The plan includes prospective, unfulfilled, or incomplete orders and requests only.
			The plan may also contain information about ongoing care of the patient and information regarding goals and clinical reminders.',NULL,'2022-01-26',NULL,'2022-01-26','BYDEV','2022-01-26','BYDEV','D');
INSERT INTO thr_object_sections(object_section_id,object_section_code,object_section_name,note,order_seq,valid_from,valid_to,creation_date,created_by,last_update_date,last_updated_by,status) VALUES (4,'11348-0','Past medical history','History of past illness describes the history related to their current complaints, problems, or diagnoses.',NULL,'2022-01-26',NULL,'2022-01-26','BYDEV','2022-01-26','BYDEV','D');
INSERT INTO thr_object_sections(object_section_id,object_section_code,object_section_name,note,order_seq,valid_from,valid_to,creation_date,created_by,last_update_date,last_updated_by,status) VALUES (5,'29545-1','Physical examination',NULL,NULL,'2022-01-26',NULL,'2022-01-26','BYDEV','2022-01-26','BYDEV','D');
INSERT INTO thr_object_sections(object_section_id,object_section_code,object_section_name,note,order_seq,valid_from,valid_to,creation_date,created_by,last_update_date,last_updated_by,status) VALUES (6,'29299-5','Reason for visit','This section records the patients reason for their visit (the providers description of the reason for visit).
			 Local policy determines whether the information is divided into two sections or recorded in one section serving both purposes.',NULL,'2022-01-26',NULL,'2022-01-26','BYDEV','2022-01-26','BYDEV','D');
INSERT INTO thr_object_sections(object_section_id,object_section_code,object_section_name,note,order_seq,valid_from,valid_to,creation_date,created_by,last_update_date,last_updated_by,status) VALUES (7,'42348-3','Advance directives','Advance directives contains data defining the patients direction of care and any reference to supporting documentation. The most recent and up-to-date directives are required, if known, and should be listed in as much detail as possible. Advance directives contains data such as the existence of living wills, healthcare proxies, and CPR and resuscitation status.',NULL,'2022-01-26',NULL,'2022-01-26','BYDEV','2022-01-26','BYDEV','D');
INSERT INTO thr_object_sections(object_section_id,object_section_code,object_section_name,note,order_seq,valid_from,valid_to,creation_date,created_by,last_update_date,last_updated_by,status) VALUES (8,'48765-2','Allergies','Contains a list and description of any allergies or adverse reactions pertinent to current or past medical history. At a minimum this section should contain currently active and any relevant historical allergies and adverse reactions.',NULL,'2022-01-26',NULL,'2022-01-26','BYDEV','2022-01-26','BYDEV','D');
INSERT INTO thr_object_sections(object_section_id,object_section_code,object_section_name,note,order_seq,valid_from,valid_to,creation_date,created_by,last_update_date,last_updated_by,status) VALUES (9,'46239-0','Chief complaint+Reason for visit Narrative','This term is used to record the patients chief complaint (the patients own description) and/or the reason for the patients visit (the providers description of the reason for visit). Local policy determines whether the information is divided into two sections or recorded in one section serving both purposes.',NULL,'2022-01-26',NULL,'2022-01-26','BYDEV','2022-01-26','BYDEV','D');
INSERT INTO thr_object_sections(object_section_id,object_section_code,object_section_name,note,order_seq,valid_from,valid_to,creation_date,created_by,last_update_date,last_updated_by,status) VALUES (10,'10154-3','Chief complaint Narrative - Reported','Chief complaint records the patients primary complaint (the patients own description).',NULL,'2022-01-26',NULL,'2022-01-26','BYDEV','2022-01-26','BYDEV','D');
INSERT INTO thr_object_sections(object_section_id,object_section_code,object_section_name,note,order_seq,valid_from,valid_to,creation_date,created_by,last_update_date,last_updated_by,status) VALUES (11,'10157-6','Family history','History of family member diseases is a report of health information, including medical, genetic, environmental, and lifestyle factors, pertaining to the patient and his or her genetic relatives (living or deceased). The family history information is used to determine possible or relevant health risk factors that may have a potential impact on the patients healthcare risk profile.',NULL,'2022-01-26',NULL,'2022-01-26','BYDEV','2022-01-26','BYDEV','D');
INSERT INTO thr_object_sections(object_section_id,object_section_code,object_section_name,note,order_seq,valid_from,valid_to,creation_date,created_by,last_update_date,last_updated_by,status) VALUES (12,'47420-5','Functional status assessment note','Functional status assessment describes the patients status of normal functioning at the time a care record was created. Functional statuses include information regarding the patient relative to ambulatory ability, mental status or competency, activities of daily living (ADLs) (i.e. bathing, dressing, feeding, grooming), home/living situation having an effect on the health status of the patient, ability to care for self, social activity (i.e. issues with social cognition, participation with friends and acquaintances other than family members), occupation activity (i.e. activities partly or directly related to working), housework or volunteering, family and home responsibilities or activities related to home and family, communication ability (i.e. issues with speech, writing or cognition required for communication), and perception, including sight, hearing, taste, skin sensation, kinesthetic sense, proprioception, or balance.',NULL,'2022-01-26',NULL,'2022-01-26','BYDEV','2022-01-26','BYDEV','D');
INSERT INTO thr_object_sections(object_section_id,object_section_code,object_section_name,note,order_seq,valid_from,valid_to,creation_date,created_by,last_update_date,last_updated_by,status) VALUES (13,'10210-3','General status','Physical findings (of general status) describes general observations and readily observable attributes of the patient, including affect and demeanor, apparent age compared to actual age, gender, ethnicity, nutritional status based on appearance, body build and habitus (e.g., muscular, cachectic, obese), developmental or other deformities, gait and mobility, personal hygiene, evidence of distress, and voice quality and speech.',NULL,'2022-01-26',NULL,'2022-01-26','BYDEV','2022-01-26','BYDEV','D');
INSERT INTO thr_object_sections(object_section_id,object_section_code,object_section_name,note,order_seq,valid_from,valid_to,creation_date,created_by,last_update_date,last_updated_by,status) VALUES (14,'10164-2','History of Present illness Narrative','History of present illness describes the history related to the reason for a given procedure. It contains the historical details leading up to and pertaining to the patients current complaint or reason for seeking medical care. Because history of present illness can include past surgical history and other procedures, the Procedure History section may be included under the History of Present Illness section or it may stand alone as its own section.',NULL,'2022-01-26',NULL,'2022-01-26','BYDEV','2022-01-26','BYDEV','D');
INSERT INTO thr_object_sections(object_section_id,object_section_code,object_section_name,note,order_seq,valid_from,valid_to,creation_date,created_by,last_update_date,last_updated_by,status) VALUES (15,'11369-6','History of immunizations','History of immunizations defines a patients immunization status for the context and use case of the document type. Often included is current immunization status and possibly the entire immunization history.',NULL,'2022-01-26',NULL,'2022-01-26','BYDEV','2022-01-26','BYDEV','D');
INSERT INTO thr_object_sections(object_section_id,object_section_code,object_section_name,note,order_seq,valid_from,valid_to,creation_date,created_by,last_update_date,last_updated_by,status) VALUES (16,'46264-8','History of medical device use','History of medical device (medical equipment) use defines a patients implanted and external medical devices and equipment that their health status depends on, as well as any pertinent equipment or device history. This term is also used to itemize any pertinent current or historical durable medical equipment (DME) used to help maintain the patients health status. All pertinent equipment relevant to the diagnosis, care, and treatment of a patient should be included.',NULL,'2022-01-26',NULL,'2022-01-26','BYDEV','2022-01-26','BYDEV','D');
INSERT INTO thr_object_sections(object_section_id,object_section_code,object_section_name,note,order_seq,valid_from,valid_to,creation_date,created_by,last_update_date,last_updated_by,status) VALUES (17,'18785-6','Radiology Reason for study',NULL,NULL,'2022-01-26',NULL,'2022-01-26','BYDEV','2022-01-26','BYDEV','D');
INSERT INTO thr_object_sections(object_section_id,object_section_code,object_section_name,note,order_seq,valid_from,valid_to,creation_date,created_by,last_update_date,last_updated_by,status) VALUES (18,'10160-0','Medications','History of medication use defines a patients current medications and history of pertinent medications. This term may also include a patients prescription and dispense history.',NULL,'2022-01-26',NULL,'2022-01-26','BYDEV','2022-01-26','BYDEV','D');
INSERT INTO thr_object_sections(object_section_id,object_section_code,object_section_name,note,order_seq,valid_from,valid_to,creation_date,created_by,last_update_date,last_updated_by,status) VALUES (19,'10190-7','Mental status Narrative','Observations and evaluations related to a patients psychological and mental competency and deficits including, but not limited to any of the following types of information: appearance, attitude, behavior/psychomotor, mood and affect, speech and language, thought process, thought content, perception, cognition, and insight and judgment.',NULL,'2022-01-26',NULL,'2022-01-26','BYDEV','2022-01-26','BYDEV','D');
INSERT INTO thr_object_sections(object_section_id,object_section_code,object_section_name,note,order_seq,valid_from,valid_to,creation_date,created_by,last_update_date,last_updated_by,status) VALUES (20,'61144-2','Diet and nutrition Narrative','This section houses diet information such as special diets, restrictions, NPO, liquids only, etc..',NULL,'2022-01-26',NULL,'2022-01-26','BYDEV','2022-01-26','BYDEV','D');
INSERT INTO thr_object_sections(object_section_id,object_section_code,object_section_name,note,order_seq,valid_from,valid_to,creation_date,created_by,last_update_date,last_updated_by,status) VALUES (21,'11450-4','Problems',NULL,NULL,'2022-01-26',NULL,'2022-01-26','BYDEV','2022-01-26','BYDEV','D');
INSERT INTO thr_object_sections(object_section_id,object_section_code,object_section_name,note,order_seq,valid_from,valid_to,creation_date,created_by,last_update_date,last_updated_by,status) VALUES (22,'47519-4','Procedures','This section defines all interventional, surgical, diagnostic, or therapeutic procedures or treatments pertinent to the patient historically and at the time the document is generated.',NULL,'2022-01-26',NULL,'2022-01-26','BYDEV','2022-01-26','BYDEV','D');
INSERT INTO thr_object_sections(object_section_id,object_section_code,object_section_name,note,order_seq,valid_from,valid_to,creation_date,created_by,last_update_date,last_updated_by,status) VALUES (23,'30954-2','Results',NULL,NULL,'2022-01-26',NULL,'2022-01-26','BYDEV','2022-01-26','BYDEV','D');
INSERT INTO thr_object_sections(object_section_id,object_section_code,object_section_name,note,order_seq,valid_from,valid_to,creation_date,created_by,last_update_date,last_updated_by,status) VALUES (24,'10187-3','Review of systems','The Review of systems section contains a relevant collection of symptoms and functions systematically gathered by a clinician. It includes symptoms the patient is currently experiencing, some of which were not elicited during the history of present illness, as well as a potentially large number of pertinent negatives, for example, symptoms that the patient denied experiencing.',NULL,'2022-01-26',NULL,'2022-01-26','BYDEV','2022-01-26','BYDEV','D');
INSERT INTO thr_object_sections(object_section_id,object_section_code,object_section_name,note,order_seq,valid_from,valid_to,creation_date,created_by,last_update_date,last_updated_by,status) VALUES (25,'29762-2','Social history','The Social history section contains data defining the patients occupational, personal (e.g. lifestyle), social, and environmental history and health risk factors, as well as administrative data such as marital status, race, ethnicity and religious affiliation.',NULL,'2022-01-26',NULL,'2022-01-26','BYDEV','2022-01-26','BYDEV','D');
INSERT INTO thr_object_sections(object_section_id,object_section_code,object_section_name,note,order_seq,valid_from,valid_to,creation_date,created_by,last_update_date,last_updated_by,status) VALUES (26,'8716-3','Vital signs','The Vital signs section includes blood pressure, body temperature, heart rate, and respiratory rate. It may also include other clinical findings, such as height, weight, body mass index, head circumference, and pulse oximetry. In particular, notable vital signs or physical findings such as the most recent, maximum and/or minimum, baseline, or relevant trends may be included.',NULL,'2022-01-26',NULL,'2022-01-26','BYDEV','2022-01-26','BYDEV','D');
INSERT INTO thr_object_sections(object_section_id,object_section_code,object_section_name,note,order_seq,valid_from,valid_to,creation_date,created_by,last_update_date,last_updated_by,status) VALUES (27,'8648-8','Hospital course Narrative','Hospital course describes the sequence of events from admission to discharge in a hospital facility.',NULL,'2022-01-26',NULL,'2022-01-26','BYDEV','2022-01-26','BYDEV','D');
INSERT INTO thr_object_sections(object_section_id,object_section_code,object_section_name,note,order_seq,valid_from,valid_to,creation_date,created_by,last_update_date,last_updated_by,status) VALUES (28,'78375-3','Discharge diagnosis Narrative','The discharge diagnosis describes the patients relevant problems or diagnoses that occurred during an encounter (such as a hospital admission or a nursing home stay) or that need to be followed up after such an encounter. This term was created for, but is not limited in use to, the consolidated CDA Release 2.1 Discharge Diagnosis section.',NULL,'2022-01-26',NULL,'2022-01-26','BYDEV','2022-01-26','BYDEV','D');
INSERT INTO thr_object_sections(object_section_id,object_section_code,object_section_name,note,order_seq,valid_from,valid_to,creation_date,created_by,last_update_date,last_updated_by,status) VALUES (29,'75311-1','Discharge medications Narrative','Medications that the patient is intended to take (or stop) after discharge. This may also include a patients prescription history and indicate the source of the medication list, for example, from a pharmacy system versus from the patient.',NULL,'2022-01-26',NULL,'2022-01-26','BYDEV','2022-01-26','BYDEV','D');
INSERT INTO thr_object_sections(object_section_id,object_section_code,object_section_name,note,order_seq,valid_from,valid_to,creation_date,created_by,last_update_date,last_updated_by,status) VALUES (30,'42347-5','Admission diagnosis (narrative)',NULL,NULL,'2022-01-26',NULL,'2022-01-26','BYDEV','2022-01-26','BYDEV','D');
INSERT INTO thr_object_sections(object_section_id,object_section_code,object_section_name,note,order_seq,valid_from,valid_to,creation_date,created_by,last_update_date,last_updated_by,status) VALUES (31,'42346-7','Medications on admission (narrative)','Admission can refer to hospital admission, long-term care admission, or home health admission.',NULL,'2022-01-26',NULL,'2022-01-26','BYDEV','2022-01-26','BYDEV','D');
INSERT INTO thr_object_sections(object_section_id,object_section_code,object_section_name,note,order_seq,valid_from,valid_to,creation_date,created_by,last_update_date,last_updated_by,status) VALUES (32,'42344-2','Discharge diet (narrative)','Discharge diet is a narrative description of the expectations for diet, including proposals, goals, and order requests for monitoring, tracking, or improving the dietary control of the patient, used in a discharge from a facility such as an emergency department, hospital, or nursing home.',NULL,'2022-01-26',NULL,'2022-01-26','BYDEV','2022-01-26','BYDEV','D');
INSERT INTO thr_object_sections(object_section_id,object_section_code,object_section_name,note,order_seq,valid_from,valid_to,creation_date,created_by,last_update_date,last_updated_by,status) VALUES (35,'18841-7','Hospital consultations Document',NULL,NULL,'2022-01-26',NULL,'2022-01-26','BYDEV','2022-01-26','BYDEV','D');
INSERT INTO thr_object_sections(object_section_id,object_section_code,object_section_name,note,order_seq,valid_from,valid_to,creation_date,created_by,last_update_date,last_updated_by,status) VALUES (36,'8653-8','Hospital Discharge instructions',NULL,NULL,'2022-01-26',NULL,'2022-01-26','BYDEV','2022-01-26','BYDEV','D');
INSERT INTO thr_object_sections(object_section_id,object_section_code,object_section_name,note,order_seq,valid_from,valid_to,creation_date,created_by,last_update_date,last_updated_by,status) VALUES (37,'10184-0','Hospital discharge physical findings Narrative','Hospital discharge physical findings records a narrative description of the patients physical findings.',NULL,'2022-01-26',NULL,'2022-01-26','BYDEV','2022-01-26','BYDEV','D');
INSERT INTO thr_object_sections(object_section_id,object_section_code,object_section_name,note,order_seq,valid_from,valid_to,creation_date,created_by,last_update_date,last_updated_by,status) VALUES (38,'11493-4','Hospital discharge studies summary Narrative',NULL,NULL,'2022-01-26',NULL,'2022-01-26','BYDEV','2022-01-26','BYDEV','D');
INSERT INTO thr_object_sections(object_section_id,object_section_code,object_section_name,note,order_seq,valid_from,valid_to,creation_date,created_by,last_update_date,last_updated_by,status) VALUES (39,'11329-0','History general','History general describes all aspects of medical history of the patient even if not pertinent to the current procedure, and may include chief complaint, past medical history, social history, family history, surgical or procedure history, medication history, and other history information. The history may be limited to information pertinent to the current procedure or may be more comprehensive. It may also be reported as a collection of random clinical statements or it may be reported categorically. Categorical report formats may be divided into multiple subsections, including Past Medical History and Social History.',NULL,'2022-01-26',NULL,'2022-01-26','BYDEV','2022-01-26','BYDEV','D');
INSERT INTO thr_object_sections(object_section_id,object_section_code,object_section_name,note,order_seq,valid_from,valid_to,creation_date,created_by,last_update_date,last_updated_by,status) VALUES (40,'55115-0','Request (Radiology)','Information on requested imaging studies and associated tests. It may include information on the reason for the request.',NULL,'2022-01-26',NULL,'2022-01-26','BYDEV','2022-01-26','BYDEV','D');
INSERT INTO thr_object_sections(object_section_id,object_section_code,object_section_name,note,order_seq,valid_from,valid_to,creation_date,created_by,last_update_date,last_updated_by,status) VALUES (41,'55111-9','Current imaging procedure descriptions Document','Contains information on current imaging studies and associated tests.',NULL,'2022-01-26',NULL,'2022-01-26','BYDEV','2022-01-26','BYDEV','D');
INSERT INTO thr_object_sections(object_section_id,object_section_code,object_section_name,note,order_seq,valid_from,valid_to,creation_date,created_by,last_update_date,last_updated_by,status) VALUES (42,'55114-3','Prior procedure descriptions','Contains information on past imaging studies and associated tests.',NULL,'2022-01-26',NULL,'2022-01-26','BYDEV','2022-01-26','BYDEV','D');
INSERT INTO thr_object_sections(object_section_id,object_section_code,object_section_name,note,order_seq,valid_from,valid_to,creation_date,created_by,last_update_date,last_updated_by,status) VALUES (43,'18834-2','Radiology Comparison study - observation',NULL,NULL,'2022-01-26',NULL,'2022-01-26','BYDEV','2022-01-26','BYDEV','D');
INSERT INTO thr_object_sections(object_section_id,object_section_code,object_section_name,note,order_seq,valid_from,valid_to,creation_date,created_by,last_update_date,last_updated_by,status) VALUES (44,'18782-3','Radiology Study observation (findings)','Radiology study observation (or Findings) contains the main narrative body of a radiology report. While not an absolute requirement for transformed DICOM SR reports, it is suggested that Diagnostic Imaging Reports authored in CDA follow Term Info guidelines for the codes in the various observations and procedures recorded in this section.',NULL,'2022-01-26',NULL,'2022-01-26','BYDEV','2022-01-26','BYDEV','D');
INSERT INTO thr_object_sections(object_section_id,object_section_code,object_section_name,note,order_seq,valid_from,valid_to,creation_date,created_by,last_update_date,last_updated_by,status) VALUES (45,'19005-8','Radiology - Impression',NULL,NULL,'2022-01-26',NULL,'2022-01-26','BYDEV','2022-01-26','BYDEV','D');
INSERT INTO thr_object_sections(object_section_id,object_section_code,object_section_name,note,order_seq,valid_from,valid_to,creation_date,created_by,last_update_date,last_updated_by,status) VALUES (46,'18783-1','Radiology Study recommendation',NULL,NULL,'2022-01-26',NULL,'2022-01-26','BYDEV','2022-01-26','BYDEV','D');
INSERT INTO thr_object_sections(object_section_id,object_section_code,object_section_name,note,order_seq,valid_from,valid_to,creation_date,created_by,last_update_date,last_updated_by,status) VALUES (47,'55110-1','Conclusions','Contains conclusions and diagnoses that result from the interpretation process.',NULL,'2022-01-26',NULL,'2022-01-26','BYDEV','2022-01-26','BYDEV','D');
INSERT INTO thr_object_sections(object_section_id,object_section_code,object_section_name,note,order_seq,valid_from,valid_to,creation_date,created_by,last_update_date,last_updated_by,status) VALUES (48,'55107-7','Addendum','Supplementary information or an appendix added to the original document contents.',NULL,'2022-01-26',NULL,'2022-01-26','BYDEV','2022-01-26','BYDEV','D');
INSERT INTO thr_object_sections(object_section_id,object_section_code,object_section_name,note,order_seq,valid_from,valid_to,creation_date,created_by,last_update_date,last_updated_by,status) VALUES (49,'18785-6','Radiology Reason for study',NULL,NULL,'2022-01-26',NULL,'2022-01-26','BYDEV','2022-01-26','BYDEV','D');
INSERT INTO thr_object_sections(object_section_id,object_section_code,object_section_name,note,order_seq,valid_from,valid_to,creation_date,created_by,last_update_date,last_updated_by,status) VALUES (50,'55108-5','Patient presentation','Aspects of the patient that are specific to this clinical presentation, e.g.: transferred from, admission date/time, indications for procedure, etc.',NULL,'2022-01-26',NULL,'2022-01-26','BYDEV','2022-01-26','BYDEV','D');
INSERT INTO thr_object_sections(object_section_id,object_section_code,object_section_name,note,order_seq,valid_from,valid_to,creation_date,created_by,last_update_date,last_updated_by,status) VALUES (51,'55109-3','Complications','Information on additional medical problems that develop following a procedure, diagnostic test or study, treatment, or illness.',NULL,'2022-01-26',NULL,'2022-01-26','BYDEV','2022-01-26','BYDEV','D');
INSERT INTO thr_object_sections(object_section_id,object_section_code,object_section_name,note,order_seq,valid_from,valid_to,creation_date,created_by,last_update_date,last_updated_by,status) VALUES (52,'55112-7','Summary','The essence of the document.',NULL,'2022-01-26',NULL,'2022-01-26','BYDEV','2022-01-26','BYDEV','D');
INSERT INTO thr_object_sections(object_section_id,object_section_code,object_section_name,note,order_seq,valid_from,valid_to,creation_date,created_by,last_update_date,last_updated_by,status) VALUES (53,'55113-5','Key images','List of references to images considered significant.',NULL,'2022-01-26',NULL,'2022-01-26','BYDEV','2022-01-26','BYDEV','D');

INSERT INTO thr_object_sections_l(id,object_section_id,object_section_name,language_id,note,creation_date,created_by,last_update_date,last_updated_by,status) VALUES (1,1,'Assessment+Plan','en',NULL,'2022-01-26','BYDEV','2022-01-26','BYDEV','D');
INSERT INTO thr_object_sections_l(id,object_section_id,object_section_name,language_id,note,creation_date,created_by,last_update_date,last_updated_by,status) VALUES (2,2,'Assessment','en',NULL,'2022-01-26','BYDEV','2022-01-26','BYDEV','D');
INSERT INTO thr_object_sections_l(id,object_section_id,object_section_name,language_id,note,creation_date,created_by,last_update_date,last_updated_by,status) VALUES (3,3,'Plan of care','en',NULL,'2022-01-26','BYDEV','2022-01-26','BYDEV','D');
INSERT INTO thr_object_sections_l(id,object_section_id,object_section_name,language_id,note,creation_date,created_by,last_update_date,last_updated_by,status) VALUES (4,4,'Past medical history','en',NULL,'2022-01-26','BYDEV','2022-01-26','BYDEV','D');
INSERT INTO thr_object_sections_l(id,object_section_id,object_section_name,language_id,note,creation_date,created_by,last_update_date,last_updated_by,status) VALUES (5,5,'Physical examination','en',NULL,'2022-01-26','BYDEV','2022-01-26','BYDEV','D');
INSERT INTO thr_object_sections_l(id,object_section_id,object_section_name,language_id,note,creation_date,created_by,last_update_date,last_updated_by,status) VALUES (6,6,'Reason for visit','en',NULL,'2022-01-26','BYDEV','2022-01-26','BYDEV','D');
INSERT INTO thr_object_sections_l(id,object_section_id,object_section_name,language_id,note,creation_date,created_by,last_update_date,last_updated_by,status) VALUES (7,7,'Advance directives','en',NULL,'2022-01-26','BYDEV','2022-01-26','BYDEV','D');
INSERT INTO thr_object_sections_l(id,object_section_id,object_section_name,language_id,note,creation_date,created_by,last_update_date,last_updated_by,status) VALUES (8,8,'Allergies','en',NULL,'2022-01-26','BYDEV','2022-01-26','BYDEV','D');
INSERT INTO thr_object_sections_l(id,object_section_id,object_section_name,language_id,note,creation_date,created_by,last_update_date,last_updated_by,status) VALUES (9,9,'Chief complaint+Reason for visit Narrative','en',NULL,'2022-01-26','BYDEV','2022-01-26','BYDEV','D');
INSERT INTO thr_object_sections_l(id,object_section_id,object_section_name,language_id,note,creation_date,created_by,last_update_date,last_updated_by,status) VALUES (10,10,'Chief complaint Narrative - Reported','en',NULL,'2022-01-26','BYDEV','2022-01-26','BYDEV','D');
INSERT INTO thr_object_sections_l(id,object_section_id,object_section_name,language_id,note,creation_date,created_by,last_update_date,last_updated_by,status) VALUES (11,11,'Family history','en',NULL,'2022-01-26','BYDEV','2022-01-26','BYDEV','D');
INSERT INTO thr_object_sections_l(id,object_section_id,object_section_name,language_id,note,creation_date,created_by,last_update_date,last_updated_by,status) VALUES (12,12,'Functional status assessment note','en',NULL,'2022-01-26','BYDEV','2022-01-26','BYDEV','D');
INSERT INTO thr_object_sections_l(id,object_section_id,object_section_name,language_id,note,creation_date,created_by,last_update_date,last_updated_by,status) VALUES (13,13,'General status','en',NULL,'2022-01-26','BYDEV','2022-01-26','BYDEV','D');
INSERT INTO thr_object_sections_l(id,object_section_id,object_section_name,language_id,note,creation_date,created_by,last_update_date,last_updated_by,status) VALUES (14,14,'History of Present illness Narrative','en',NULL,'2022-01-26','BYDEV','2022-01-26','BYDEV','D');
INSERT INTO thr_object_sections_l(id,object_section_id,object_section_name,language_id,note,creation_date,created_by,last_update_date,last_updated_by,status) VALUES (15,15,'History of immunizations','en',NULL,'2022-01-26','BYDEV','2022-01-26','BYDEV','D');
INSERT INTO thr_object_sections_l(id,object_section_id,object_section_name,language_id,note,creation_date,created_by,last_update_date,last_updated_by,status) VALUES (16,16,'History of medical device use','en',NULL,'2022-01-26','BYDEV','2022-01-26','BYDEV','D');
INSERT INTO thr_object_sections_l(id,object_section_id,object_section_name,language_id,note,creation_date,created_by,last_update_date,last_updated_by,status) VALUES (17,17,'Radiology Reason for study','en',NULL,'2022-01-26','BYDEV','2022-01-26','BYDEV','D');
INSERT INTO thr_object_sections_l(id,object_section_id,object_section_name,language_id,note,creation_date,created_by,last_update_date,last_updated_by,status) VALUES (18,18,'Medications','en',NULL,'2022-01-26','BYDEV','2022-01-26','BYDEV','D');
INSERT INTO thr_object_sections_l(id,object_section_id,object_section_name,language_id,note,creation_date,created_by,last_update_date,last_updated_by,status) VALUES (19,19,'Mental status Narrative','en',NULL,'2022-01-26','BYDEV','2022-01-26','BYDEV','D');
INSERT INTO thr_object_sections_l(id,object_section_id,object_section_name,language_id,note,creation_date,created_by,last_update_date,last_updated_by,status) VALUES (20,20,'Diet and nutrition Narrative','en',NULL,'2022-01-26','BYDEV','2022-01-26','BYDEV','D');
INSERT INTO thr_object_sections_l(id,object_section_id,object_section_name,language_id,note,creation_date,created_by,last_update_date,last_updated_by,status) VALUES (21,21,'Problems','en',NULL,'2022-01-26','BYDEV','2022-01-26','BYDEV','D');
INSERT INTO thr_object_sections_l(id,object_section_id,object_section_name,language_id,note,creation_date,created_by,last_update_date,last_updated_by,status) VALUES (22,22,'Procedures','en',NULL,'2022-01-26','BYDEV','2022-01-26','BYDEV','D');
INSERT INTO thr_object_sections_l(id,object_section_id,object_section_name,language_id,note,creation_date,created_by,last_update_date,last_updated_by,status) VALUES (23,23,'Results','en',NULL,'2022-01-26','BYDEV','2022-01-26','BYDEV','D');
INSERT INTO thr_object_sections_l(id,object_section_id,object_section_name,language_id,note,creation_date,created_by,last_update_date,last_updated_by,status) VALUES (24,24,'Review of systems','en',NULL,'2022-01-26','BYDEV','2022-01-26','BYDEV','D');
INSERT INTO thr_object_sections_l(id,object_section_id,object_section_name,language_id,note,creation_date,created_by,last_update_date,last_updated_by,status) VALUES (25,25,'Social history','en',NULL,'2022-01-26','BYDEV','2022-01-26','BYDEV','D');
INSERT INTO thr_object_sections_l(id,object_section_id,object_section_name,language_id,note,creation_date,created_by,last_update_date,last_updated_by,status) VALUES (26,26,'Vital signs','en',NULL,'2022-01-26','BYDEV','2022-01-26','BYDEV','D');
INSERT INTO thr_object_sections_l(id,object_section_id,object_section_name,language_id,note,creation_date,created_by,last_update_date,last_updated_by,status) VALUES (27,27,'Hospital course Narrative','en',NULL,'2022-01-26','BYDEV','2022-01-26','BYDEV','D');
INSERT INTO thr_object_sections_l(id,object_section_id,object_section_name,language_id,note,creation_date,created_by,last_update_date,last_updated_by,status) VALUES (28,28,'Discharge diagnosis Narrative','en',NULL,'2022-01-26','BYDEV','2022-01-26','BYDEV','D');
INSERT INTO thr_object_sections_l(id,object_section_id,object_section_name,language_id,note,creation_date,created_by,last_update_date,last_updated_by,status) VALUES (29,29,'Discharge medications Narrative','en',NULL,'2022-01-26','BYDEV','2022-01-26','BYDEV','D');
INSERT INTO thr_object_sections_l(id,object_section_id,object_section_name,language_id,note,creation_date,created_by,last_update_date,last_updated_by,status) VALUES (30,30,'Admission diagnosis (narrative)','en',NULL,'2022-01-26','BYDEV','2022-01-26','BYDEV','D');
INSERT INTO thr_object_sections_l(id,object_section_id,object_section_name,language_id,note,creation_date,created_by,last_update_date,last_updated_by,status) VALUES (31,31,'Medications on admission (narrative)','en',NULL,'2022-01-26','BYDEV','2022-01-26','BYDEV','D');
INSERT INTO thr_object_sections_l(id,object_section_id,object_section_name,language_id,note,creation_date,created_by,last_update_date,last_updated_by,status) VALUES (32,32,'Discharge diet (narrative)','en',NULL,'2022-01-26','BYDEV','2022-01-26','BYDEV','D');
INSERT INTO thr_object_sections_l(id,object_section_id,object_section_name,language_id,note,creation_date,created_by,last_update_date,last_updated_by,status) VALUES (33,33,'History of family member diseases Narrative','en',NULL,'2022-01-26','BYDEV','2022-01-26','BYDEV','D');
INSERT INTO thr_object_sections_l(id,object_section_id,object_section_name,language_id,note,creation_date,created_by,last_update_date,last_updated_by,status) VALUES (34,34,'History of Past illness Narrative','en',NULL,'2022-01-26','BYDEV','2022-01-26','BYDEV','D');
INSERT INTO thr_object_sections_l(id,object_section_id,object_section_name,language_id,note,creation_date,created_by,last_update_date,last_updated_by,status) VALUES (35,35,'Hospital consultations Document','en',NULL,'2022-01-26','BYDEV','2022-01-26','BYDEV','D');
INSERT INTO thr_object_sections_l(id,object_section_id,object_section_name,language_id,note,creation_date,created_by,last_update_date,last_updated_by,status) VALUES (36,36,'Hospital Discharge instructions','en',NULL,'2022-01-26','BYDEV','2022-01-26','BYDEV','D');
INSERT INTO thr_object_sections_l(id,object_section_id,object_section_name,language_id,note,creation_date,created_by,last_update_date,last_updated_by,status) VALUES (37,37,'Hospital discharge physical findings Narrative','en',NULL,'2022-01-26','BYDEV','2022-01-26','BYDEV','D');
INSERT INTO thr_object_sections_l(id,object_section_id,object_section_name,language_id,note,creation_date,created_by,last_update_date,last_updated_by,status) VALUES (38,38,'Hospital discharge studies summary Narrative','en',NULL,'2022-01-26','BYDEV','2022-01-26','BYDEV','D');
INSERT INTO thr_object_sections_l(id,object_section_id,object_section_name,language_id,note,creation_date,created_by,last_update_date,last_updated_by,status) VALUES (39,39,'History general','en',NULL,'2022-01-26','BYDEV','2022-01-26','BYDEV','D');
INSERT INTO thr_object_sections_l(id,object_section_id,object_section_name,language_id,note,creation_date,created_by,last_update_date,last_updated_by,status) VALUES (40,40,'Request (Radiology)','en',NULL,'2022-01-26','BYDEV','2022-01-26','BYDEV','D');
INSERT INTO thr_object_sections_l(id,object_section_id,object_section_name,language_id,note,creation_date,created_by,last_update_date,last_updated_by,status) VALUES (41,41,'Current imaging procedure descriptions Document','en',NULL,'2022-01-26','BYDEV','2022-01-26','BYDEV','D');
INSERT INTO thr_object_sections_l(id,object_section_id,object_section_name,language_id,note,creation_date,created_by,last_update_date,last_updated_by,status) VALUES (42,42,'Prior procedure descriptions','en',NULL,'2022-01-26','BYDEV','2022-01-26','BYDEV','D');
INSERT INTO thr_object_sections_l(id,object_section_id,object_section_name,language_id,note,creation_date,created_by,last_update_date,last_updated_by,status) VALUES (43,43,'Radiology Comparison study - observation','en',NULL,'2022-01-26','BYDEV','2022-01-26','BYDEV','D');
INSERT INTO thr_object_sections_l(id,object_section_id,object_section_name,language_id,note,creation_date,created_by,last_update_date,last_updated_by,status) VALUES (44,44,'Radiology Study observation (findings)','en',NULL,'2022-01-26','BYDEV','2022-01-26','BYDEV','D');
INSERT INTO thr_object_sections_l(id,object_section_id,object_section_name,language_id,note,creation_date,created_by,last_update_date,last_updated_by,status) VALUES (45,45,'Radiology - Impression','en',NULL,'2022-01-26','BYDEV','2022-01-26','BYDEV','D');
INSERT INTO thr_object_sections_l(id,object_section_id,object_section_name,language_id,note,creation_date,created_by,last_update_date,last_updated_by,status) VALUES (46,46,'Radiology Study recommendation','en',NULL,'2022-01-26','BYDEV','2022-01-26','BYDEV','D');
INSERT INTO thr_object_sections_l(id,object_section_id,object_section_name,language_id,note,creation_date,created_by,last_update_date,last_updated_by,status) VALUES (47,47,'Conclusions','en',NULL,'2022-01-26','BYDEV','2022-01-26','BYDEV','D');
INSERT INTO thr_object_sections_l(id,object_section_id,object_section_name,language_id,note,creation_date,created_by,last_update_date,last_updated_by,status) VALUES (48,48,'Addendum','en',NULL,'2022-01-26','BYDEV','2022-01-26','BYDEV','D');
INSERT INTO thr_object_sections_l(id,object_section_id,object_section_name,language_id,note,creation_date,created_by,last_update_date,last_updated_by,status) VALUES (49,49,'Radiology Reason for study','en',NULL,'2022-01-26','BYDEV','2022-01-26','BYDEV','D');
INSERT INTO thr_object_sections_l(id,object_section_id,object_section_name,language_id,note,creation_date,created_by,last_update_date,last_updated_by,status) VALUES (50,50,'Patient presentation','en',NULL,'2022-01-26','BYDEV','2022-01-26','BYDEV','D');
INSERT INTO thr_object_sections_l(id,object_section_id,object_section_name,language_id,note,creation_date,created_by,last_update_date,last_updated_by,status) VALUES (51,51,'Complications','en',NULL,'2022-01-26','BYDEV','2022-01-26','BYDEV','D');
INSERT INTO thr_object_sections_l(id,object_section_id,object_section_name,language_id,note,creation_date,created_by,last_update_date,last_updated_by,status) VALUES (52,52,'Summary','en',NULL,'2022-01-26','BYDEV','2022-01-26','BYDEV','D');
INSERT INTO thr_object_sections_l(id,object_section_id,object_section_name,language_id,note,creation_date,created_by,last_update_date,last_updated_by,status) VALUES (53,53,'Key images','en',NULL,'2022-01-26','BYDEV','2022-01-26','BYDEV','D');
INSERT INTO thr_object_sections_l(id,object_section_id,object_section_name,language_id,note,creation_date,created_by,last_update_date,last_updated_by,status) VALUES (55,2,'Оценка','ru',NULL,'2022-01-26','BYDEV','2022-01-26','BYDEV','D');
INSERT INTO thr_object_sections_l(id,object_section_id,object_section_name,language_id,note,creation_date,created_by,last_update_date,last_updated_by,status) VALUES (56,3,'План ухода','ru',NULL,'2022-01-26','BYDEV','2022-01-26','BYDEV','D');
INSERT INTO thr_object_sections_l(id,object_section_id,object_section_name,language_id,note,creation_date,created_by,last_update_date,last_updated_by,status) VALUES (57,4,'История болезни в прошлом','ru',NULL,'2022-01-26','BYDEV','2022-01-26','BYDEV','D');
INSERT INTO thr_object_sections_l(id,object_section_id,object_section_name,language_id,note,creation_date,created_by,last_update_date,last_updated_by,status) VALUES (59,6,'Причина визита','ru',NULL,'2022-01-26','BYDEV','2022-01-26','BYDEV','D');
INSERT INTO thr_object_sections_l(id,object_section_id,object_section_name,language_id,note,creation_date,created_by,last_update_date,last_updated_by,status) VALUES (60,7,'Предварительные директивы','ru',NULL,'2022-01-26','BYDEV','2022-01-26','BYDEV','D');
INSERT INTO thr_object_sections_l(id,object_section_id,object_section_name,language_id,note,creation_date,created_by,last_update_date,last_updated_by,status) VALUES (61,8,'Аллергии','ru',NULL,'2022-01-26','BYDEV','2022-01-26','BYDEV','D');
INSERT INTO thr_object_sections_l(id,object_section_id,object_section_name,language_id,note,creation_date,created_by,last_update_date,last_updated_by,status) VALUES (63,10,'Описание главной жалобы - Сообщено','ru',NULL,'2022-01-26','BYDEV','2022-01-26','BYDEV','D');
INSERT INTO thr_object_sections_l(id,object_section_id,object_section_name,language_id,note,creation_date,created_by,last_update_date,last_updated_by,status) VALUES (64,11,'Семейная история','ru',NULL,'2022-01-26','BYDEV','2022-01-26','BYDEV','D');
INSERT INTO thr_object_sections_l(id,object_section_id,object_section_name,language_id,note,creation_date,created_by,last_update_date,last_updated_by,status) VALUES (65,12,'Записка об оценке функционального состояния','ru',NULL,'2022-01-26','BYDEV','2022-01-26','BYDEV','D');
INSERT INTO thr_object_sections_l(id,object_section_id,object_section_name,language_id,note,creation_date,created_by,last_update_date,last_updated_by,status) VALUES (66,13,'Общий статус','ru',NULL,'2022-01-26','BYDEV','2022-01-26','BYDEV','D');
INSERT INTO thr_object_sections_l(id,object_section_id,object_section_name,language_id,note,creation_date,created_by,last_update_date,last_updated_by,status) VALUES (68,15,'История прививок','ru',NULL,'2022-01-26','BYDEV','2022-01-26','BYDEV','D');
INSERT INTO thr_object_sections_l(id,object_section_id,object_section_name,language_id,note,creation_date,created_by,last_update_date,last_updated_by,status) VALUES (69,16,'История использования медицинского устройства','ru',NULL,'2022-01-26','BYDEV','2022-01-26','BYDEV','D');
INSERT INTO thr_object_sections_l(id,object_section_id,object_section_name,language_id,note,creation_date,created_by,last_update_date,last_updated_by,status) VALUES (70,17,'Радиология Причина для исследования','ru',NULL,'2022-01-26','BYDEV','2022-01-26','BYDEV','D');
INSERT INTO thr_object_sections_l(id,object_section_id,object_section_name,language_id,note,creation_date,created_by,last_update_date,last_updated_by,status) VALUES (71,18,'Лекарства','ru',NULL,'2022-01-26','BYDEV','2022-01-26','BYDEV','D');
INSERT INTO thr_object_sections_l(id,object_section_id,object_section_name,language_id,note,creation_date,created_by,last_update_date,last_updated_by,status) VALUES (73,20,'Описание диеты и питания','ru',NULL,'2022-01-26','BYDEV','2022-01-26','BYDEV','D');
INSERT INTO thr_object_sections_l(id,object_section_id,object_section_name,language_id,note,creation_date,created_by,last_update_date,last_updated_by,status) VALUES (74,21,'Проблемы','ru',NULL,'2022-01-26','BYDEV','2022-01-26','BYDEV','D');
INSERT INTO thr_object_sections_l(id,object_section_id,object_section_name,language_id,note,creation_date,created_by,last_update_date,last_updated_by,status) VALUES (75,22,'Процедуры','ru',NULL,'2022-01-26','BYDEV','2022-01-26','BYDEV','D');
INSERT INTO thr_object_sections_l(id,object_section_id,object_section_name,language_id,note,creation_date,created_by,last_update_date,last_updated_by,status) VALUES (76,23,'Результаты','ru',NULL,'2022-01-26','BYDEV','2022-01-26','BYDEV','D');
INSERT INTO thr_object_sections_l(id,object_section_id,object_section_name,language_id,note,creation_date,created_by,last_update_date,last_updated_by,status) VALUES (77,24,'Обзор систем','ru',NULL,'2022-01-26','BYDEV','2022-01-26','BYDEV','D');
INSERT INTO thr_object_sections_l(id,object_section_id,object_section_name,language_id,note,creation_date,created_by,last_update_date,last_updated_by,status) VALUES (78,25,'Социальная история','ru',NULL,'2022-01-26','BYDEV','2022-01-26','BYDEV','D');
INSERT INTO thr_object_sections_l(id,object_section_id,object_section_name,language_id,note,creation_date,created_by,last_update_date,last_updated_by,status) VALUES (80,27,'Описание больничного курса','ru',NULL,'2022-01-26','BYDEV','2022-01-26','BYDEV','D');
INSERT INTO thr_object_sections_l(id,object_section_id,object_section_name,language_id,note,creation_date,created_by,last_update_date,last_updated_by,status) VALUES (81,28,'Описание диагноза выписки','ru',NULL,'2022-01-26','BYDEV','2022-01-26','BYDEV','D');
INSERT INTO thr_object_sections_l(id,object_section_id,object_section_name,language_id,note,creation_date,created_by,last_update_date,last_updated_by,status) VALUES (82,29,'Описание выписываемых лекарств','ru',NULL,'2022-01-26','BYDEV','2022-01-26','BYDEV','D');
INSERT INTO thr_object_sections_l(id,object_section_id,object_section_name,language_id,note,creation_date,created_by,last_update_date,last_updated_by,status) VALUES (54,1,'Оценка+План','ru',NULL,'2022-01-26','BYDEV','2022-01-26','BYDEV','D');
INSERT INTO thr_object_sections_l(id,object_section_id,object_section_name,language_id,note,creation_date,created_by,last_update_date,last_updated_by,status) VALUES (58,5,'Медицинский осмотр','ru',NULL,'2022-01-26','BYDEV','2022-01-26','BYDEV','D');
INSERT INTO thr_object_sections_l(id,object_section_id,object_section_name,language_id,note,creation_date,created_by,last_update_date,last_updated_by,status) VALUES (62,9,'Основная жалоба+Описание причины визита','ru',NULL,'2022-01-26','BYDEV','2022-01-26','BYDEV','D');
INSERT INTO thr_object_sections_l(id,object_section_id,object_section_name,language_id,note,creation_date,created_by,last_update_date,last_updated_by,status) VALUES (67,14,'История настоящего повествования о болезни','ru',NULL,'2022-01-26','BYDEV','2022-01-26','BYDEV','D');
INSERT INTO thr_object_sections_l(id,object_section_id,object_section_name,language_id,note,creation_date,created_by,last_update_date,last_updated_by,status) VALUES (72,19,'Описание психического состояния','ru',NULL,'2022-01-26','BYDEV','2022-01-26','BYDEV','D');
INSERT INTO thr_object_sections_l(id,object_section_id,object_section_name,language_id,note,creation_date,created_by,last_update_date,last_updated_by,status) VALUES (79,26,'Жизненно важные показатели','ru',NULL,'2022-01-26','BYDEV','2022-01-26','BYDEV','D');
INSERT INTO thr_object_sections_l(id,object_section_id,object_section_name,language_id,note,creation_date,created_by,last_update_date,last_updated_by,status) VALUES (83,30,'Диагноз при поступлении (описательный)','ru',NULL,'2022-01-26','BYDEV','2022-01-26','BYDEV','D');
INSERT INTO thr_object_sections_l(id,object_section_id,object_section_name,language_id,note,creation_date,created_by,last_update_date,last_updated_by,status) VALUES (84,31,'Лекарства при поступлении (описание)','ru',NULL,'2022-01-26','BYDEV','2022-01-26','BYDEV','D');
INSERT INTO thr_object_sections_l(id,object_section_id,object_section_name,language_id,note,creation_date,created_by,last_update_date,last_updated_by,status) VALUES (85,32,'Разгрузочная диета (повествование)','ru',NULL,'2022-01-26','BYDEV','2022-01-26','BYDEV','D');
INSERT INTO thr_object_sections_l(id,object_section_id,object_section_name,language_id,note,creation_date,created_by,last_update_date,last_updated_by,status) VALUES (87,34,'История рассказа о прошлых болезнях','ru',NULL,'2022-01-26','BYDEV','2022-01-26','BYDEV','D');
INSERT INTO thr_object_sections_l(id,object_section_id,object_section_name,language_id,note,creation_date,created_by,last_update_date,last_updated_by,status) VALUES (88,35,'Документ о консультациях в больнице','ru',NULL,'2022-01-26','BYDEV','2022-01-26','BYDEV','D');
INSERT INTO thr_object_sections_l(id,object_section_id,object_section_name,language_id,note,creation_date,created_by,last_update_date,last_updated_by,status) VALUES (89,36,'Инструкции по выписке из больницы','ru',NULL,'2022-01-26','BYDEV','2022-01-26','BYDEV','D');
INSERT INTO thr_object_sections_l(id,object_section_id,object_section_name,language_id,note,creation_date,created_by,last_update_date,last_updated_by,status) VALUES (90,37,'Описание результатов обследования при выписке из больницы.','ru',NULL,'2022-01-26','BYDEV','2022-01-26','BYDEV','D');
INSERT INTO thr_object_sections_l(id,object_section_id,object_section_name,language_id,note,creation_date,created_by,last_update_date,last_updated_by,status) VALUES (91,38,'Краткое описание исследований по выписке из больницы','ru',NULL,'2022-01-26','BYDEV','2022-01-26','BYDEV','D');
INSERT INTO thr_object_sections_l(id,object_section_id,object_section_name,language_id,note,creation_date,created_by,last_update_date,last_updated_by,status) VALUES (86,33,'История болезней членов семьи.','ru',NULL,'2022-01-26','BYDEV','2022-01-26','BYDEV','D');
INSERT INTO thr_object_sections_l(id,object_section_id,object_section_name,language_id,note,creation_date,created_by,last_update_date,last_updated_by,status) VALUES (92,39,'История общая','ru',NULL,'2022-01-26','BYDEV','2022-01-26','BYDEV','D');
INSERT INTO thr_object_sections_l(id,object_section_id,object_section_name,language_id,note,creation_date,created_by,last_update_date,last_updated_by,status) VALUES (93,40,'Запрос (Радиология)','ru',NULL,'2022-01-26','BYDEV','2022-01-26','BYDEV','D');
INSERT INTO thr_object_sections_l(id,object_section_id,object_section_name,language_id,note,creation_date,created_by,last_update_date,last_updated_by,status) VALUES (94,41,'Документ с описанием текущей процедуры визуализации','ru',NULL,'2022-01-26','BYDEV','2022-01-26','BYDEV','D');
INSERT INTO thr_object_sections_l(id,object_section_id,object_section_name,language_id,note,creation_date,created_by,last_update_date,last_updated_by,status) VALUES (95,42,'Предшествующие описания процедур','ru',NULL,'2022-01-26','BYDEV','2022-01-26','BYDEV','D');
INSERT INTO thr_object_sections_l(id,object_section_id,object_section_name,language_id,note,creation_date,created_by,last_update_date,last_updated_by,status) VALUES (96,43,'Сравнительное рентгенологическое исследование - наблюдение','ru',NULL,'2022-01-26','BYDEV','2022-01-26','BYDEV','D');
INSERT INTO thr_object_sections_l(id,object_section_id,object_section_name,language_id,note,creation_date,created_by,last_update_date,last_updated_by,status) VALUES (97,44,'Наблюдение за радиологическим исследованием (результаты)','ru',NULL,'2022-01-26','BYDEV','2022-01-26','BYDEV','D');
INSERT INTO thr_object_sections_l(id,object_section_id,object_section_name,language_id,note,creation_date,created_by,last_update_date,last_updated_by,status) VALUES (98,45,'Рентгенология - Слепок','ru',NULL,'2022-01-26','BYDEV','2022-01-26','BYDEV','D');
INSERT INTO thr_object_sections_l(id,object_section_id,object_section_name,language_id,note,creation_date,created_by,last_update_date,last_updated_by,status) VALUES (99,46,'Рекомендация по радиологическому исследованию','ru',NULL,'2022-01-26','BYDEV','2022-01-26','BYDEV','D');
INSERT INTO thr_object_sections_l(id,object_section_id,object_section_name,language_id,note,creation_date,created_by,last_update_date,last_updated_by,status) VALUES (100,47,'Выводы','ru',NULL,'2022-01-26','BYDEV','2022-01-26','BYDEV','D');
INSERT INTO thr_object_sections_l(id,object_section_id,object_section_name,language_id,note,creation_date,created_by,last_update_date,last_updated_by,status) VALUES (101,48,'Дополнение','ru',NULL,'2022-01-26','BYDEV','2022-01-26','BYDEV','D');
INSERT INTO thr_object_sections_l(id,object_section_id,object_section_name,language_id,note,creation_date,created_by,last_update_date,last_updated_by,status) VALUES (102,49,'Радиология Причина для исследования','ru',NULL,'2022-01-26','BYDEV','2022-01-26','BYDEV','D');
INSERT INTO thr_object_sections_l(id,object_section_id,object_section_name,language_id,note,creation_date,created_by,last_update_date,last_updated_by,status) VALUES (103,50,'Презентация пациента','ru',NULL,'2022-01-26','BYDEV','2022-01-26','BYDEV','D');
INSERT INTO thr_object_sections_l(id,object_section_id,object_section_name,language_id,note,creation_date,created_by,last_update_date,last_updated_by,status) VALUES (104,51,'Осложнения','ru',NULL,'2022-01-26','BYDEV','2022-01-26','BYDEV','D');
INSERT INTO thr_object_sections_l(id,object_section_id,object_section_name,language_id,note,creation_date,created_by,last_update_date,last_updated_by,status) VALUES (105,52,'Резюме','ru',NULL,'2022-01-26','BYDEV','2022-01-26','BYDEV','D');
INSERT INTO thr_object_sections_l(id,object_section_id,object_section_name,language_id,note,creation_date,created_by,last_update_date,last_updated_by,status) VALUES (106,53,'Ключевые изображения','ru',NULL,'2022-01-26','BYDEV','2022-01-26','BYDEV','D');

INSERT INTO thr_object_category_sections (object_cat_sec_id, object_category_id, object_section_id, note, order_seq, valid_from, valid_to, creation_date, created_by, last_update_date, last_updated_by, status, mandatory) VALUES (1, 10, 1, NULL, NULL, '2022-01-26', NULL, '2022-01-26', 'BYDEV', '2022-01-26', 'BYDEV', 'D', 'N');
INSERT INTO thr_object_category_sections (object_cat_sec_id, object_category_id, object_section_id, note, order_seq, valid_from, valid_to, creation_date, created_by, last_update_date, last_updated_by, status, mandatory) VALUES (2, 10, 2, NULL, NULL, '2022-01-26', NULL, '2022-01-26', 'BYDEV', '2022-01-26', 'BYDEV', 'D', 'N');
INSERT INTO thr_object_category_sections (object_cat_sec_id, object_category_id, object_section_id, note, order_seq, valid_from, valid_to, creation_date, created_by, last_update_date, last_updated_by, status, mandatory) VALUES (3, 10, 3, NULL, NULL, '2022-01-26', NULL, '2022-01-26', 'BYDEV', '2022-01-26', 'BYDEV', 'D', 'N');
INSERT INTO thr_object_category_sections (object_cat_sec_id, object_category_id, object_section_id, note, order_seq, valid_from, valid_to, creation_date, created_by, last_update_date, last_updated_by, status, mandatory) VALUES (4, 10, 4, NULL, NULL, '2022-01-26', NULL, '2022-01-26', 'BYDEV', '2022-01-26', 'BYDEV', 'D', 'N');
INSERT INTO thr_object_category_sections (object_cat_sec_id, object_category_id, object_section_id, note, order_seq, valid_from, valid_to, creation_date, created_by, last_update_date, last_updated_by, status, mandatory) VALUES (5, 10, 5, NULL, NULL, '2022-01-26', NULL, '2022-01-26', 'BYDEV', '2022-01-26', 'BYDEV', 'D', 'N');
INSERT INTO thr_object_category_sections (object_cat_sec_id, object_category_id, object_section_id, note, order_seq, valid_from, valid_to, creation_date, created_by, last_update_date, last_updated_by, status, mandatory) VALUES (6, 10, 6, NULL, NULL, '2022-01-26', NULL, '2022-01-26', 'BYDEV', '2022-01-26', 'BYDEV', 'D', 'N');
INSERT INTO thr_object_category_sections (object_cat_sec_id, object_category_id, object_section_id, note, order_seq, valid_from, valid_to, creation_date, created_by, last_update_date, last_updated_by, status, mandatory) VALUES (7, 10, 7, NULL, NULL, '2022-01-26', NULL, '2022-01-26', 'BYDEV', '2022-01-26', 'BYDEV', 'D', 'N');
INSERT INTO thr_object_category_sections (object_cat_sec_id, object_category_id, object_section_id, note, order_seq, valid_from, valid_to, creation_date, created_by, last_update_date, last_updated_by, status, mandatory) VALUES (8, 10, 8, NULL, NULL, '2022-01-26', NULL, '2022-01-26', 'BYDEV', '2022-01-26', 'BYDEV', 'D', 'N');
INSERT INTO thr_object_category_sections (object_cat_sec_id, object_category_id, object_section_id, note, order_seq, valid_from, valid_to, creation_date, created_by, last_update_date, last_updated_by, status, mandatory) VALUES (9, 10, 9, NULL, NULL, '2022-01-26', NULL, '2022-01-26', 'BYDEV', '2022-01-26', 'BYDEV', 'D', 'N');
INSERT INTO thr_object_category_sections (object_cat_sec_id, object_category_id, object_section_id, note, order_seq, valid_from, valid_to, creation_date, created_by, last_update_date, last_updated_by, status, mandatory) VALUES (10, 10, 10, NULL, NULL, '2022-01-26', NULL, '2022-01-26', 'BYDEV', '2022-01-26', 'BYDEV', 'D', 'N');
INSERT INTO thr_object_category_sections (object_cat_sec_id, object_category_id, object_section_id, note, order_seq, valid_from, valid_to, creation_date, created_by, last_update_date, last_updated_by, status, mandatory) VALUES (11, 10, 11, NULL, NULL, '2022-01-26', NULL, '2022-01-26', 'BYDEV', '2022-01-26', 'BYDEV', 'D', 'N');
INSERT INTO thr_object_category_sections (object_cat_sec_id, object_category_id, object_section_id, note, order_seq, valid_from, valid_to, creation_date, created_by, last_update_date, last_updated_by, status, mandatory) VALUES (12, 10, 12, NULL, NULL, '2022-01-26', NULL, '2022-01-26', 'BYDEV', '2022-01-26', 'BYDEV', 'D', 'N');
INSERT INTO thr_object_category_sections (object_cat_sec_id, object_category_id, object_section_id, note, order_seq, valid_from, valid_to, creation_date, created_by, last_update_date, last_updated_by, status, mandatory) VALUES (13, 10, 13, NULL, NULL, '2022-01-26', NULL, '2022-01-26', 'BYDEV', '2022-01-26', 'BYDEV', 'D', 'N');
INSERT INTO thr_object_category_sections (object_cat_sec_id, object_category_id, object_section_id, note, order_seq, valid_from, valid_to, creation_date, created_by, last_update_date, last_updated_by, status, mandatory) VALUES (14, 10, 14, NULL, NULL, '2022-01-26', NULL, '2022-01-26', 'BYDEV', '2022-01-26', 'BYDEV', 'D', 'N');
INSERT INTO thr_object_category_sections (object_cat_sec_id, object_category_id, object_section_id, note, order_seq, valid_from, valid_to, creation_date, created_by, last_update_date, last_updated_by, status, mandatory) VALUES (15, 10, 15, NULL, NULL, '2022-01-26', NULL, '2022-01-26', 'BYDEV', '2022-01-26', 'BYDEV', 'D', 'N');
INSERT INTO thr_object_category_sections (object_cat_sec_id, object_category_id, object_section_id, note, order_seq, valid_from, valid_to, creation_date, created_by, last_update_date, last_updated_by, status, mandatory) VALUES (16, 10, 16, NULL, NULL, '2022-01-26', NULL, '2022-01-26', 'BYDEV', '2022-01-26', 'BYDEV', 'D', 'N');
INSERT INTO thr_object_category_sections (object_cat_sec_id, object_category_id, object_section_id, note, order_seq, valid_from, valid_to, creation_date, created_by, last_update_date, last_updated_by, status, mandatory) VALUES (17, 10, 17, NULL, NULL, '2022-01-26', NULL, '2022-01-26', 'BYDEV', '2022-01-26', 'BYDEV', 'D', 'N');
INSERT INTO thr_object_category_sections (object_cat_sec_id, object_category_id, object_section_id, note, order_seq, valid_from, valid_to, creation_date, created_by, last_update_date, last_updated_by, status, mandatory) VALUES (18, 10, 18, NULL, NULL, '2022-01-26', NULL, '2022-01-26', 'BYDEV', '2022-01-26', 'BYDEV', 'D', 'N');
INSERT INTO thr_object_category_sections (object_cat_sec_id, object_category_id, object_section_id, note, order_seq, valid_from, valid_to, creation_date, created_by, last_update_date, last_updated_by, status, mandatory) VALUES (19, 10, 19, NULL, NULL, '2022-01-26', NULL, '2022-01-26', 'BYDEV', '2022-01-26', 'BYDEV', 'D', 'N');
INSERT INTO thr_object_category_sections (object_cat_sec_id, object_category_id, object_section_id, note, order_seq, valid_from, valid_to, creation_date, created_by, last_update_date, last_updated_by, status, mandatory) VALUES (20, 10, 20, NULL, NULL, '2022-01-26', NULL, '2022-01-26', 'BYDEV', '2022-01-26', 'BYDEV', 'D', 'N');
INSERT INTO thr_object_category_sections (object_cat_sec_id, object_category_id, object_section_id, note, order_seq, valid_from, valid_to, creation_date, created_by, last_update_date, last_updated_by, status, mandatory) VALUES (21, 10, 21, NULL, NULL, '2022-01-26', NULL, '2022-01-26', 'BYDEV', '2022-01-26', 'BYDEV', 'D', 'N');
INSERT INTO thr_object_category_sections (object_cat_sec_id, object_category_id, object_section_id, note, order_seq, valid_from, valid_to, creation_date, created_by, last_update_date, last_updated_by, status, mandatory) VALUES (22, 10, 22, NULL, NULL, '2022-01-26', NULL, '2022-01-26', 'BYDEV', '2022-01-26', 'BYDEV', 'D', 'N');
INSERT INTO thr_object_category_sections (object_cat_sec_id, object_category_id, object_section_id, note, order_seq, valid_from, valid_to, creation_date, created_by, last_update_date, last_updated_by, status, mandatory) VALUES (23, 10, 23, NULL, NULL, '2022-01-26', NULL, '2022-01-26', 'BYDEV', '2022-01-26', 'BYDEV', 'D', 'N');
INSERT INTO thr_object_category_sections (object_cat_sec_id, object_category_id, object_section_id, note, order_seq, valid_from, valid_to, creation_date, created_by, last_update_date, last_updated_by, status, mandatory) VALUES (24, 10, 24, NULL, NULL, '2022-01-26', NULL, '2022-01-26', 'BYDEV', '2022-01-26', 'BYDEV', 'D', 'N');
INSERT INTO thr_object_category_sections (object_cat_sec_id, object_category_id, object_section_id, note, order_seq, valid_from, valid_to, creation_date, created_by, last_update_date, last_updated_by, status, mandatory) VALUES (25, 10, 25, NULL, NULL, '2022-01-26', NULL, '2022-01-26', 'BYDEV', '2022-01-26', 'BYDEV', 'D', 'N');
INSERT INTO thr_object_category_sections (object_cat_sec_id, object_category_id, object_section_id, note, order_seq, valid_from, valid_to, creation_date, created_by, last_update_date, last_updated_by, status, mandatory) VALUES (26, 10, 26, NULL, NULL, '2022-01-26', NULL, '2022-01-26', 'BYDEV', '2022-01-26', 'BYDEV', 'D', 'N');
INSERT INTO thr_object_category_sections (object_cat_sec_id, object_category_id, object_section_id, note, order_seq, valid_from, valid_to, creation_date, created_by, last_update_date, last_updated_by, status, mandatory) VALUES (27, 30, 39, NULL, NULL, '2022-01-26', NULL, '2022-01-26', 'BYDEV', '2022-01-26', 'BYDEV', 'D', 'N');
INSERT INTO thr_object_category_sections (object_cat_sec_id, object_category_id, object_section_id, note, order_seq, valid_from, valid_to, creation_date, created_by, last_update_date, last_updated_by, status, mandatory) VALUES (28, 30, 40, NULL, NULL, '2022-01-26', NULL, '2022-01-26', 'BYDEV', '2022-01-26', 'BYDEV', 'D', 'N');
INSERT INTO thr_object_category_sections (object_cat_sec_id, object_category_id, object_section_id, note, order_seq, valid_from, valid_to, creation_date, created_by, last_update_date, last_updated_by, status, mandatory) VALUES (29, 30, 41, NULL, NULL, '2022-01-26', NULL, '2022-01-26', 'BYDEV', '2022-01-26', 'BYDEV', 'D', 'N');
INSERT INTO thr_object_category_sections (object_cat_sec_id, object_category_id, object_section_id, note, order_seq, valid_from, valid_to, creation_date, created_by, last_update_date, last_updated_by, status, mandatory) VALUES (30, 30, 42, NULL, NULL, '2022-01-26', NULL, '2022-01-26', 'BYDEV', '2022-01-26', 'BYDEV', 'D', 'N');
INSERT INTO thr_object_category_sections (object_cat_sec_id, object_category_id, object_section_id, note, order_seq, valid_from, valid_to, creation_date, created_by, last_update_date, last_updated_by, status, mandatory) VALUES (31, 30, 43, NULL, NULL, '2022-01-26', NULL, '2022-01-26', 'BYDEV', '2022-01-26', 'BYDEV', 'D', 'N');
INSERT INTO thr_object_category_sections (object_cat_sec_id, object_category_id, object_section_id, note, order_seq, valid_from, valid_to, creation_date, created_by, last_update_date, last_updated_by, status, mandatory) VALUES (32, 30, 44, NULL, NULL, '2022-01-26', NULL, '2022-01-26', 'BYDEV', '2022-01-26', 'BYDEV', 'D', 'N');
INSERT INTO thr_object_category_sections (object_cat_sec_id, object_category_id, object_section_id, note, order_seq, valid_from, valid_to, creation_date, created_by, last_update_date, last_updated_by, status, mandatory) VALUES (33, 30, 45, NULL, NULL, '2022-01-26', NULL, '2022-01-26', 'BYDEV', '2022-01-26', 'BYDEV', 'D', 'N');
INSERT INTO thr_object_category_sections (object_cat_sec_id, object_category_id, object_section_id, note, order_seq, valid_from, valid_to, creation_date, created_by, last_update_date, last_updated_by, status, mandatory) VALUES (34, 30, 46, NULL, NULL, '2022-01-26', NULL, '2022-01-26', 'BYDEV', '2022-01-26', 'BYDEV', 'D', 'N');
INSERT INTO thr_object_category_sections (object_cat_sec_id, object_category_id, object_section_id, note, order_seq, valid_from, valid_to, creation_date, created_by, last_update_date, last_updated_by, status, mandatory) VALUES (35, 30, 47, NULL, NULL, '2022-01-26', NULL, '2022-01-26', 'BYDEV', '2022-01-26', 'BYDEV', 'D', 'N');
INSERT INTO thr_object_category_sections (object_cat_sec_id, object_category_id, object_section_id, note, order_seq, valid_from, valid_to, creation_date, created_by, last_update_date, last_updated_by, status, mandatory) VALUES (36, 30, 48, NULL, NULL, '2022-01-26', NULL, '2022-01-26', 'BYDEV', '2022-01-26', 'BYDEV', 'D', 'N');
INSERT INTO thr_object_category_sections (object_cat_sec_id, object_category_id, object_section_id, note, order_seq, valid_from, valid_to, creation_date, created_by, last_update_date, last_updated_by, status, mandatory) VALUES (37, 30, 49, NULL, NULL, '2022-01-26', NULL, '2022-01-26', 'BYDEV', '2022-01-26', 'BYDEV', 'D', 'N');
INSERT INTO thr_object_category_sections (object_cat_sec_id, object_category_id, object_section_id, note, order_seq, valid_from, valid_to, creation_date, created_by, last_update_date, last_updated_by, status, mandatory) VALUES (38, 30, 50, NULL, NULL, '2022-01-26', NULL, '2022-01-26', 'BYDEV', '2022-01-26', 'BYDEV', 'D', 'N');
INSERT INTO thr_object_category_sections (object_cat_sec_id, object_category_id, object_section_id, note, order_seq, valid_from, valid_to, creation_date, created_by, last_update_date, last_updated_by, status, mandatory) VALUES (39, 30, 51, NULL, NULL, '2022-01-26', NULL, '2022-01-26', 'BYDEV', '2022-01-26', 'BYDEV', 'D', 'N');
INSERT INTO thr_object_category_sections (object_cat_sec_id, object_category_id, object_section_id, note, order_seq, valid_from, valid_to, creation_date, created_by, last_update_date, last_updated_by, status, mandatory) VALUES (40, 30, 52, NULL, NULL, '2022-01-26', NULL, '2022-01-26', 'BYDEV', '2022-01-26', 'BYDEV', 'D', 'N');
INSERT INTO thr_object_category_sections (object_cat_sec_id, object_category_id, object_section_id, note, order_seq, valid_from, valid_to, creation_date, created_by, last_update_date, last_updated_by, status, mandatory) VALUES (41, 30, 53, NULL, NULL, '2022-01-26', NULL, '2022-01-26', 'BYDEV', '2022-01-26', 'BYDEV', 'D', 'N');
INSERT INTO thr_object_category_sections (object_cat_sec_id, object_category_id, object_section_id, note, order_seq, valid_from, valid_to, creation_date, created_by, last_update_date, last_updated_by, status, mandatory) VALUES (42, 100, 1, NULL, NULL, '2022-01-26', NULL, '2022-01-26', 'BYDEV', '2022-01-26', 'BYDEV', 'D', 'N');
INSERT INTO thr_object_category_sections (object_cat_sec_id, object_category_id, object_section_id, note, order_seq, valid_from, valid_to, creation_date, created_by, last_update_date, last_updated_by, status, mandatory) VALUES (43, 100, 2, NULL, NULL, '2022-01-26', NULL, '2022-01-26', 'BYDEV', '2022-01-26', 'BYDEV', 'D', 'N');
INSERT INTO thr_object_category_sections (object_cat_sec_id, object_category_id, object_section_id, note, order_seq, valid_from, valid_to, creation_date, created_by, last_update_date, last_updated_by, status, mandatory) VALUES (44, 100, 3, NULL, NULL, '2022-01-26', NULL, '2022-01-26', 'BYDEV', '2022-01-26', 'BYDEV', 'D', 'N');
INSERT INTO thr_object_category_sections (object_cat_sec_id, object_category_id, object_section_id, note, order_seq, valid_from, valid_to, creation_date, created_by, last_update_date, last_updated_by, status, mandatory) VALUES (45, 100, 4, NULL, NULL, '2022-01-26', NULL, '2022-01-26', 'BYDEV', '2022-01-26', 'BYDEV', 'D', 'N');
INSERT INTO thr_object_category_sections (object_cat_sec_id, object_category_id, object_section_id, note, order_seq, valid_from, valid_to, creation_date, created_by, last_update_date, last_updated_by, status, mandatory) VALUES (46, 100, 5, NULL, NULL, '2022-01-26', NULL, '2022-01-26', 'BYDEV', '2022-01-26', 'BYDEV', 'D', 'N');
INSERT INTO thr_object_category_sections (object_cat_sec_id, object_category_id, object_section_id, note, order_seq, valid_from, valid_to, creation_date, created_by, last_update_date, last_updated_by, status, mandatory) VALUES (47, 100, 6, NULL, NULL, '2022-01-26', NULL, '2022-01-26', 'BYDEV', '2022-01-26', 'BYDEV', 'D', 'N');
INSERT INTO thr_object_category_sections (object_cat_sec_id, object_category_id, object_section_id, note, order_seq, valid_from, valid_to, creation_date, created_by, last_update_date, last_updated_by, status, mandatory) VALUES (48, 100, 7, NULL, NULL, '2022-01-26', NULL, '2022-01-26', 'BYDEV', '2022-01-26', 'BYDEV', 'D', 'N');
INSERT INTO thr_object_category_sections (object_cat_sec_id, object_category_id, object_section_id, note, order_seq, valid_from, valid_to, creation_date, created_by, last_update_date, last_updated_by, status, mandatory) VALUES (49, 100, 8, NULL, NULL, '2022-01-26', NULL, '2022-01-26', 'BYDEV', '2022-01-26', 'BYDEV', 'D', 'N');
INSERT INTO thr_object_category_sections (object_cat_sec_id, object_category_id, object_section_id, note, order_seq, valid_from, valid_to, creation_date, created_by, last_update_date, last_updated_by, status, mandatory) VALUES (50, 100, 9, NULL, NULL, '2022-01-26', NULL, '2022-01-26', 'BYDEV', '2022-01-26', 'BYDEV', 'D', 'N');
INSERT INTO thr_object_category_sections (object_cat_sec_id, object_category_id, object_section_id, note, order_seq, valid_from, valid_to, creation_date, created_by, last_update_date, last_updated_by, status, mandatory) VALUES (51, 100, 10, NULL, NULL, '2022-01-26', NULL, '2022-01-26', 'BYDEV', '2022-01-26', 'BYDEV', 'D', 'N');
INSERT INTO thr_object_category_sections (object_cat_sec_id, object_category_id, object_section_id, note, order_seq, valid_from, valid_to, creation_date, created_by, last_update_date, last_updated_by, status, mandatory) VALUES (52, 100, 11, NULL, NULL, '2022-01-26', NULL, '2022-01-26', 'BYDEV', '2022-01-26', 'BYDEV', 'D', 'N');
INSERT INTO thr_object_category_sections (object_cat_sec_id, object_category_id, object_section_id, note, order_seq, valid_from, valid_to, creation_date, created_by, last_update_date, last_updated_by, status, mandatory) VALUES (53, 100, 12, NULL, NULL, '2022-01-26', NULL, '2022-01-26', 'BYDEV', '2022-01-26', 'BYDEV', 'D', 'N');
INSERT INTO thr_object_category_sections (object_cat_sec_id, object_category_id, object_section_id, note, order_seq, valid_from, valid_to, creation_date, created_by, last_update_date, last_updated_by, status, mandatory) VALUES (54, 100, 13, NULL, NULL, '2022-01-26', NULL, '2022-01-26', 'BYDEV', '2022-01-26', 'BYDEV', 'D', 'N');
INSERT INTO thr_object_category_sections (object_cat_sec_id, object_category_id, object_section_id, note, order_seq, valid_from, valid_to, creation_date, created_by, last_update_date, last_updated_by, status, mandatory) VALUES (55, 100, 14, NULL, NULL, '2022-01-26', NULL, '2022-01-26', 'BYDEV', '2022-01-26', 'BYDEV', 'D', 'N');
INSERT INTO thr_object_category_sections (object_cat_sec_id, object_category_id, object_section_id, note, order_seq, valid_from, valid_to, creation_date, created_by, last_update_date, last_updated_by, status, mandatory) VALUES (56, 100, 15, NULL, NULL, '2022-01-26', NULL, '2022-01-26', 'BYDEV', '2022-01-26', 'BYDEV', 'D', 'N');
INSERT INTO thr_object_category_sections (object_cat_sec_id, object_category_id, object_section_id, note, order_seq, valid_from, valid_to, creation_date, created_by, last_update_date, last_updated_by, status, mandatory) VALUES (57, 100, 16, NULL, NULL, '2022-01-26', NULL, '2022-01-26', 'BYDEV', '2022-01-26', 'BYDEV', 'D', 'N');
INSERT INTO thr_object_category_sections (object_cat_sec_id, object_category_id, object_section_id, note, order_seq, valid_from, valid_to, creation_date, created_by, last_update_date, last_updated_by, status, mandatory) VALUES (58, 100, 17, NULL, NULL, '2022-01-26', NULL, '2022-01-26', 'BYDEV', '2022-01-26', 'BYDEV', 'D', 'N');
INSERT INTO thr_object_category_sections (object_cat_sec_id, object_category_id, object_section_id, note, order_seq, valid_from, valid_to, creation_date, created_by, last_update_date, last_updated_by, status, mandatory) VALUES (59, 100, 18, NULL, NULL, '2022-01-26', NULL, '2022-01-26', 'BYDEV', '2022-01-26', 'BYDEV', 'D', 'N');
INSERT INTO thr_object_category_sections (object_cat_sec_id, object_category_id, object_section_id, note, order_seq, valid_from, valid_to, creation_date, created_by, last_update_date, last_updated_by, status, mandatory) VALUES (60, 100, 19, NULL, NULL, '2022-01-26', NULL, '2022-01-26', 'BYDEV', '2022-01-26', 'BYDEV', 'D', 'N');
INSERT INTO thr_object_category_sections (object_cat_sec_id, object_category_id, object_section_id, note, order_seq, valid_from, valid_to, creation_date, created_by, last_update_date, last_updated_by, status, mandatory) VALUES (61, 100, 20, NULL, NULL, '2022-01-26', NULL, '2022-01-26', 'BYDEV', '2022-01-26', 'BYDEV', 'D', 'N');
INSERT INTO thr_object_category_sections (object_cat_sec_id, object_category_id, object_section_id, note, order_seq, valid_from, valid_to, creation_date, created_by, last_update_date, last_updated_by, status, mandatory) VALUES (62, 100, 21, NULL, NULL, '2022-01-26', NULL, '2022-01-26', 'BYDEV', '2022-01-26', 'BYDEV', 'D', 'N');
INSERT INTO thr_object_category_sections (object_cat_sec_id, object_category_id, object_section_id, note, order_seq, valid_from, valid_to, creation_date, created_by, last_update_date, last_updated_by, status, mandatory) VALUES (63, 100, 22, NULL, NULL, '2022-01-26', NULL, '2022-01-26', 'BYDEV', '2022-01-26', 'BYDEV', 'D', 'N');
INSERT INTO thr_object_category_sections (object_cat_sec_id, object_category_id, object_section_id, note, order_seq, valid_from, valid_to, creation_date, created_by, last_update_date, last_updated_by, status, mandatory) VALUES (64, 100, 23, NULL, NULL, '2022-01-26', NULL, '2022-01-26', 'BYDEV', '2022-01-26', 'BYDEV', 'D', 'N');
INSERT INTO thr_object_category_sections (object_cat_sec_id, object_category_id, object_section_id, note, order_seq, valid_from, valid_to, creation_date, created_by, last_update_date, last_updated_by, status, mandatory) VALUES (65, 100, 24, NULL, NULL, '2022-01-26', NULL, '2022-01-26', 'BYDEV', '2022-01-26', 'BYDEV', 'D', 'N');
INSERT INTO thr_object_category_sections (object_cat_sec_id, object_category_id, object_section_id, note, order_seq, valid_from, valid_to, creation_date, created_by, last_update_date, last_updated_by, status, mandatory) VALUES (66, 100, 25, NULL, NULL, '2022-01-26', NULL, '2022-01-26', 'BYDEV', '2022-01-26', 'BYDEV', 'D', 'N');
INSERT INTO thr_object_category_sections (object_cat_sec_id, object_category_id, object_section_id, note, order_seq, valid_from, valid_to, creation_date, created_by, last_update_date, last_updated_by, status, mandatory) VALUES (67, 100, 26, NULL, NULL, '2022-01-26', NULL, '2022-01-26', 'BYDEV', '2022-01-26', 'BYDEV', 'D', 'N');
INSERT INTO thr_object_category_sections (object_cat_sec_id, object_category_id, object_section_id, note, order_seq, valid_from, valid_to, creation_date, created_by, last_update_date, last_updated_by, status, mandatory) VALUES (69, 110, 1, NULL, NULL, '2022-01-26', NULL, '2022-01-26', 'BYDEV', '2022-01-26', 'BYDEV', 'D', 'N');
INSERT INTO thr_object_category_sections (object_cat_sec_id, object_category_id, object_section_id, note, order_seq, valid_from, valid_to, creation_date, created_by, last_update_date, last_updated_by, status, mandatory) VALUES (70, 110, 2, NULL, NULL, '2022-01-26', NULL, '2022-01-26', 'BYDEV', '2022-01-26', 'BYDEV', 'D', 'N');
INSERT INTO thr_object_category_sections (object_cat_sec_id, object_category_id, object_section_id, note, order_seq, valid_from, valid_to, creation_date, created_by, last_update_date, last_updated_by, status, mandatory) VALUES (71, 110, 3, NULL, NULL, '2022-01-26', NULL, '2022-01-26', 'BYDEV', '2022-01-26', 'BYDEV', 'D', 'N');
INSERT INTO thr_object_category_sections (object_cat_sec_id, object_category_id, object_section_id, note, order_seq, valid_from, valid_to, creation_date, created_by, last_update_date, last_updated_by, status, mandatory) VALUES (72, 110, 4, NULL, NULL, '2022-01-26', NULL, '2022-01-26', 'BYDEV', '2022-01-26', 'BYDEV', 'D', 'N');
INSERT INTO thr_object_category_sections (object_cat_sec_id, object_category_id, object_section_id, note, order_seq, valid_from, valid_to, creation_date, created_by, last_update_date, last_updated_by, status, mandatory) VALUES (73, 110, 5, NULL, NULL, '2022-01-26', NULL, '2022-01-26', 'BYDEV', '2022-01-26', 'BYDEV', 'D', 'N');
INSERT INTO thr_object_category_sections (object_cat_sec_id, object_category_id, object_section_id, note, order_seq, valid_from, valid_to, creation_date, created_by, last_update_date, last_updated_by, status, mandatory) VALUES (74, 110, 6, NULL, NULL, '2022-01-26', NULL, '2022-01-26', 'BYDEV', '2022-01-26', 'BYDEV', 'D', 'N');
INSERT INTO thr_object_category_sections (object_cat_sec_id, object_category_id, object_section_id, note, order_seq, valid_from, valid_to, creation_date, created_by, last_update_date, last_updated_by, status, mandatory) VALUES (75, 110, 7, NULL, NULL, '2022-01-26', NULL, '2022-01-26', 'BYDEV', '2022-01-26', 'BYDEV', 'D', 'N');
INSERT INTO thr_object_category_sections (object_cat_sec_id, object_category_id, object_section_id, note, order_seq, valid_from, valid_to, creation_date, created_by, last_update_date, last_updated_by, status, mandatory) VALUES (76, 110, 8, NULL, NULL, '2022-01-26', NULL, '2022-01-26', 'BYDEV', '2022-01-26', 'BYDEV', 'D', 'N');
INSERT INTO thr_object_category_sections (object_cat_sec_id, object_category_id, object_section_id, note, order_seq, valid_from, valid_to, creation_date, created_by, last_update_date, last_updated_by, status, mandatory) VALUES (77, 110, 9, NULL, NULL, '2022-01-26', NULL, '2022-01-26', 'BYDEV', '2022-01-26', 'BYDEV', 'D', 'N');
INSERT INTO thr_object_category_sections (object_cat_sec_id, object_category_id, object_section_id, note, order_seq, valid_from, valid_to, creation_date, created_by, last_update_date, last_updated_by, status, mandatory) VALUES (78, 110, 10, NULL, NULL, '2022-01-26', NULL, '2022-01-26', 'BYDEV', '2022-01-26', 'BYDEV', 'D', 'N');
INSERT INTO thr_object_category_sections (object_cat_sec_id, object_category_id, object_section_id, note, order_seq, valid_from, valid_to, creation_date, created_by, last_update_date, last_updated_by, status, mandatory) VALUES (79, 110, 11, NULL, NULL, '2022-01-26', NULL, '2022-01-26', 'BYDEV', '2022-01-26', 'BYDEV', 'D', 'N');
INSERT INTO thr_object_category_sections (object_cat_sec_id, object_category_id, object_section_id, note, order_seq, valid_from, valid_to, creation_date, created_by, last_update_date, last_updated_by, status, mandatory) VALUES (80, 110, 12, NULL, NULL, '2022-01-26', NULL, '2022-01-26', 'BYDEV', '2022-01-26', 'BYDEV', 'D', 'N');
INSERT INTO thr_object_category_sections (object_cat_sec_id, object_category_id, object_section_id, note, order_seq, valid_from, valid_to, creation_date, created_by, last_update_date, last_updated_by, status, mandatory) VALUES (81, 110, 13, NULL, NULL, '2022-01-26', NULL, '2022-01-26', 'BYDEV', '2022-01-26', 'BYDEV', 'D', 'N');
INSERT INTO thr_object_category_sections (object_cat_sec_id, object_category_id, object_section_id, note, order_seq, valid_from, valid_to, creation_date, created_by, last_update_date, last_updated_by, status, mandatory) VALUES (82, 110, 14, NULL, NULL, '2022-01-26', NULL, '2022-01-26', 'BYDEV', '2022-01-26', 'BYDEV', 'D', 'N');
INSERT INTO thr_object_category_sections (object_cat_sec_id, object_category_id, object_section_id, note, order_seq, valid_from, valid_to, creation_date, created_by, last_update_date, last_updated_by, status, mandatory) VALUES (83, 110, 15, NULL, NULL, '2022-01-26', NULL, '2022-01-26', 'BYDEV', '2022-01-26', 'BYDEV', 'D', 'N');
INSERT INTO thr_object_category_sections (object_cat_sec_id, object_category_id, object_section_id, note, order_seq, valid_from, valid_to, creation_date, created_by, last_update_date, last_updated_by, status, mandatory) VALUES (84, 110, 16, NULL, NULL, '2022-01-26', NULL, '2022-01-26', 'BYDEV', '2022-01-26', 'BYDEV', 'D', 'N');
INSERT INTO thr_object_category_sections (object_cat_sec_id, object_category_id, object_section_id, note, order_seq, valid_from, valid_to, creation_date, created_by, last_update_date, last_updated_by, status, mandatory) VALUES (85, 110, 17, NULL, NULL, '2022-01-26', NULL, '2022-01-26', 'BYDEV', '2022-01-26', 'BYDEV', 'D', 'N');
INSERT INTO thr_object_category_sections (object_cat_sec_id, object_category_id, object_section_id, note, order_seq, valid_from, valid_to, creation_date, created_by, last_update_date, last_updated_by, status, mandatory) VALUES (86, 110, 18, NULL, NULL, '2022-01-26', NULL, '2022-01-26', 'BYDEV', '2022-01-26', 'BYDEV', 'D', 'N');
INSERT INTO thr_object_category_sections (object_cat_sec_id, object_category_id, object_section_id, note, order_seq, valid_from, valid_to, creation_date, created_by, last_update_date, last_updated_by, status, mandatory) VALUES (87, 110, 19, NULL, NULL, '2022-01-26', NULL, '2022-01-26', 'BYDEV', '2022-01-26', 'BYDEV', 'D', 'N');
INSERT INTO thr_object_category_sections (object_cat_sec_id, object_category_id, object_section_id, note, order_seq, valid_from, valid_to, creation_date, created_by, last_update_date, last_updated_by, status, mandatory) VALUES (88, 110, 20, NULL, NULL, '2022-01-26', NULL, '2022-01-26', 'BYDEV', '2022-01-26', 'BYDEV', 'D', 'N');
INSERT INTO thr_object_category_sections (object_cat_sec_id, object_category_id, object_section_id, note, order_seq, valid_from, valid_to, creation_date, created_by, last_update_date, last_updated_by, status, mandatory) VALUES (89, 110, 21, NULL, NULL, '2022-01-26', NULL, '2022-01-26', 'BYDEV', '2022-01-26', 'BYDEV', 'D', 'N');
INSERT INTO thr_object_category_sections (object_cat_sec_id, object_category_id, object_section_id, note, order_seq, valid_from, valid_to, creation_date, created_by, last_update_date, last_updated_by, status, mandatory) VALUES (90, 110, 22, NULL, NULL, '2022-01-26', NULL, '2022-01-26', 'BYDEV', '2022-01-26', 'BYDEV', 'D', 'N');
INSERT INTO thr_object_category_sections (object_cat_sec_id, object_category_id, object_section_id, note, order_seq, valid_from, valid_to, creation_date, created_by, last_update_date, last_updated_by, status, mandatory) VALUES (91, 110, 23, NULL, NULL, '2022-01-26', NULL, '2022-01-26', 'BYDEV', '2022-01-26', 'BYDEV', 'D', 'N');
INSERT INTO thr_object_category_sections (object_cat_sec_id, object_category_id, object_section_id, note, order_seq, valid_from, valid_to, creation_date, created_by, last_update_date, last_updated_by, status, mandatory) VALUES (92, 110, 24, NULL, NULL, '2022-01-26', NULL, '2022-01-26', 'BYDEV', '2022-01-26', 'BYDEV', 'D', 'N');
INSERT INTO thr_object_category_sections (object_cat_sec_id, object_category_id, object_section_id, note, order_seq, valid_from, valid_to, creation_date, created_by, last_update_date, last_updated_by, status, mandatory) VALUES (93, 110, 25, NULL, NULL, '2022-01-26', NULL, '2022-01-26', 'BYDEV', '2022-01-26', 'BYDEV', 'D', 'N');
INSERT INTO thr_object_category_sections (object_cat_sec_id, object_category_id, object_section_id, note, order_seq, valid_from, valid_to, creation_date, created_by, last_update_date, last_updated_by, status, mandatory) VALUES (94, 110, 26, NULL, NULL, '2022-01-26', NULL, '2022-01-26', 'BYDEV', '2022-01-26', 'BYDEV', 'D', 'N');
INSERT INTO thr_object_category_sections (object_cat_sec_id, object_category_id, object_section_id, note, order_seq, valid_from, valid_to, creation_date, created_by, last_update_date, last_updated_by, status, mandatory) VALUES (95, 20, 1, NULL, NULL, '2022-01-26', NULL, '2022-01-26', 'BYDEV', '2022-01-26', 'BYDEV', 'D', 'N');
INSERT INTO thr_object_category_sections (object_cat_sec_id, object_category_id, object_section_id, note, order_seq, valid_from, valid_to, creation_date, created_by, last_update_date, last_updated_by, status, mandatory) VALUES (96, 20, 2, NULL, NULL, '2022-01-26', NULL, '2022-01-26', 'BYDEV', '2022-01-26', 'BYDEV', 'D', 'N');
INSERT INTO thr_object_category_sections (object_cat_sec_id, object_category_id, object_section_id, note, order_seq, valid_from, valid_to, creation_date, created_by, last_update_date, last_updated_by, status, mandatory) VALUES (97, 20, 3, NULL, NULL, '2022-01-26', NULL, '2022-01-26', 'BYDEV', '2022-01-26', 'BYDEV', 'D', 'N');
INSERT INTO thr_object_category_sections (object_cat_sec_id, object_category_id, object_section_id, note, order_seq, valid_from, valid_to, creation_date, created_by, last_update_date, last_updated_by, status, mandatory) VALUES (98, 20, 4, NULL, NULL, '2022-01-26', NULL, '2022-01-26', 'BYDEV', '2022-01-26', 'BYDEV', 'D', 'N');
INSERT INTO thr_object_category_sections (object_cat_sec_id, object_category_id, object_section_id, note, order_seq, valid_from, valid_to, creation_date, created_by, last_update_date, last_updated_by, status, mandatory) VALUES (99, 20, 5, NULL, NULL, '2022-01-26', NULL, '2022-01-26', 'BYDEV', '2022-01-26', 'BYDEV', 'D', 'N');
INSERT INTO thr_object_category_sections (object_cat_sec_id, object_category_id, object_section_id, note, order_seq, valid_from, valid_to, creation_date, created_by, last_update_date, last_updated_by, status, mandatory) VALUES (100, 20, 6, NULL, NULL, '2022-01-26', NULL, '2022-01-26', 'BYDEV', '2022-01-26', 'BYDEV', 'D', 'N');
INSERT INTO thr_object_category_sections (object_cat_sec_id, object_category_id, object_section_id, note, order_seq, valid_from, valid_to, creation_date, created_by, last_update_date, last_updated_by, status, mandatory) VALUES (101, 20, 7, NULL, NULL, '2022-01-26', NULL, '2022-01-26', 'BYDEV', '2022-01-26', 'BYDEV', 'D', 'N');
INSERT INTO thr_object_category_sections (object_cat_sec_id, object_category_id, object_section_id, note, order_seq, valid_from, valid_to, creation_date, created_by, last_update_date, last_updated_by, status, mandatory) VALUES (102, 20, 8, NULL, NULL, '2022-01-26', NULL, '2022-01-26', 'BYDEV', '2022-01-26', 'BYDEV', 'D', 'N');
INSERT INTO thr_object_category_sections (object_cat_sec_id, object_category_id, object_section_id, note, order_seq, valid_from, valid_to, creation_date, created_by, last_update_date, last_updated_by, status, mandatory) VALUES (103, 20, 9, NULL, NULL, '2022-01-26', NULL, '2022-01-26', 'BYDEV', '2022-01-26', 'BYDEV', 'D', 'N');
INSERT INTO thr_object_category_sections (object_cat_sec_id, object_category_id, object_section_id, note, order_seq, valid_from, valid_to, creation_date, created_by, last_update_date, last_updated_by, status, mandatory) VALUES (104, 20, 10, NULL, NULL, '2022-01-26', NULL, '2022-01-26', 'BYDEV', '2022-01-26', 'BYDEV', 'D', 'N');
INSERT INTO thr_object_category_sections (object_cat_sec_id, object_category_id, object_section_id, note, order_seq, valid_from, valid_to, creation_date, created_by, last_update_date, last_updated_by, status, mandatory) VALUES (105, 20, 11, NULL, NULL, '2022-01-26', NULL, '2022-01-26', 'BYDEV', '2022-01-26', 'BYDEV', 'D', 'N');
INSERT INTO thr_object_category_sections (object_cat_sec_id, object_category_id, object_section_id, note, order_seq, valid_from, valid_to, creation_date, created_by, last_update_date, last_updated_by, status, mandatory) VALUES (106, 20, 12, NULL, NULL, '2022-01-26', NULL, '2022-01-26', 'BYDEV', '2022-01-26', 'BYDEV', 'D', 'N');
INSERT INTO thr_object_category_sections (object_cat_sec_id, object_category_id, object_section_id, note, order_seq, valid_from, valid_to, creation_date, created_by, last_update_date, last_updated_by, status, mandatory) VALUES (107, 20, 13, NULL, NULL, '2022-01-26', NULL, '2022-01-26', 'BYDEV', '2022-01-26', 'BYDEV', 'D', 'N');
INSERT INTO thr_object_category_sections (object_cat_sec_id, object_category_id, object_section_id, note, order_seq, valid_from, valid_to, creation_date, created_by, last_update_date, last_updated_by, status, mandatory) VALUES (108, 20, 14, NULL, NULL, '2022-01-26', NULL, '2022-01-26', 'BYDEV', '2022-01-26', 'BYDEV', 'D', 'N');
INSERT INTO thr_object_category_sections (object_cat_sec_id, object_category_id, object_section_id, note, order_seq, valid_from, valid_to, creation_date, created_by, last_update_date, last_updated_by, status, mandatory) VALUES (109, 20, 15, NULL, NULL, '2022-01-26', NULL, '2022-01-26', 'BYDEV', '2022-01-26', 'BYDEV', 'D', 'N');
INSERT INTO thr_object_category_sections (object_cat_sec_id, object_category_id, object_section_id, note, order_seq, valid_from, valid_to, creation_date, created_by, last_update_date, last_updated_by, status, mandatory) VALUES (110, 20, 16, NULL, NULL, '2022-01-26', NULL, '2022-01-26', 'BYDEV', '2022-01-26', 'BYDEV', 'D', 'N');
INSERT INTO thr_object_category_sections (object_cat_sec_id, object_category_id, object_section_id, note, order_seq, valid_from, valid_to, creation_date, created_by, last_update_date, last_updated_by, status, mandatory) VALUES (111, 20, 17, NULL, NULL, '2022-01-26', NULL, '2022-01-26', 'BYDEV', '2022-01-26', 'BYDEV', 'D', 'N');
INSERT INTO thr_object_category_sections (object_cat_sec_id, object_category_id, object_section_id, note, order_seq, valid_from, valid_to, creation_date, created_by, last_update_date, last_updated_by, status, mandatory) VALUES (112, 20, 18, NULL, NULL, '2022-01-26', NULL, '2022-01-26', 'BYDEV', '2022-01-26', 'BYDEV', 'D', 'N');
INSERT INTO thr_object_category_sections (object_cat_sec_id, object_category_id, object_section_id, note, order_seq, valid_from, valid_to, creation_date, created_by, last_update_date, last_updated_by, status, mandatory) VALUES (113, 20, 19, NULL, NULL, '2022-01-26', NULL, '2022-01-26', 'BYDEV', '2022-01-26', 'BYDEV', 'D', 'N');
INSERT INTO thr_object_category_sections (object_cat_sec_id, object_category_id, object_section_id, note, order_seq, valid_from, valid_to, creation_date, created_by, last_update_date, last_updated_by, status, mandatory) VALUES (114, 20, 20, NULL, NULL, '2022-01-26', NULL, '2022-01-26', 'BYDEV', '2022-01-26', 'BYDEV', 'D', 'N');
INSERT INTO thr_object_category_sections (object_cat_sec_id, object_category_id, object_section_id, note, order_seq, valid_from, valid_to, creation_date, created_by, last_update_date, last_updated_by, status, mandatory) VALUES (115, 20, 21, NULL, NULL, '2022-01-26', NULL, '2022-01-26', 'BYDEV', '2022-01-26', 'BYDEV', 'D', 'N');
INSERT INTO thr_object_category_sections (object_cat_sec_id, object_category_id, object_section_id, note, order_seq, valid_from, valid_to, creation_date, created_by, last_update_date, last_updated_by, status, mandatory) VALUES (116, 20, 22, NULL, NULL, '2022-01-26', NULL, '2022-01-26', 'BYDEV', '2022-01-26', 'BYDEV', 'D', 'N');
INSERT INTO thr_object_category_sections (object_cat_sec_id, object_category_id, object_section_id, note, order_seq, valid_from, valid_to, creation_date, created_by, last_update_date, last_updated_by, status, mandatory) VALUES (117, 20, 23, NULL, NULL, '2022-01-26', NULL, '2022-01-26', 'BYDEV', '2022-01-26', 'BYDEV', 'D', 'N');
INSERT INTO thr_object_category_sections (object_cat_sec_id, object_category_id, object_section_id, note, order_seq, valid_from, valid_to, creation_date, created_by, last_update_date, last_updated_by, status, mandatory) VALUES (118, 20, 24, NULL, NULL, '2022-01-26', NULL, '2022-01-26', 'BYDEV', '2022-01-26', 'BYDEV', 'D', 'N');
INSERT INTO thr_object_category_sections (object_cat_sec_id, object_category_id, object_section_id, note, order_seq, valid_from, valid_to, creation_date, created_by, last_update_date, last_updated_by, status, mandatory) VALUES (119, 20, 25, NULL, NULL, '2022-01-26', NULL, '2022-01-26', 'BYDEV', '2022-01-26', 'BYDEV', 'D', 'N');
INSERT INTO thr_object_category_sections (object_cat_sec_id, object_category_id, object_section_id, note, order_seq, valid_from, valid_to, creation_date, created_by, last_update_date, last_updated_by, status, mandatory) VALUES (120, 20, 26, NULL, NULL, '2022-01-26', NULL, '2022-01-26', 'BYDEV', '2022-01-26', 'BYDEV', 'D', 'N');
INSERT INTO thr_object_category_sections (object_cat_sec_id, object_category_id, object_section_id, note, order_seq, valid_from, valid_to, creation_date, created_by, last_update_date, last_updated_by, status, mandatory) VALUES (121, 160, 1, NULL, NULL, '2022-01-26', NULL, '2022-01-26', 'BYDEV', '2022-01-26', 'BYDEV', 'D', 'N');
INSERT INTO thr_object_category_sections (object_cat_sec_id, object_category_id, object_section_id, note, order_seq, valid_from, valid_to, creation_date, created_by, last_update_date, last_updated_by, status, mandatory) VALUES (122, 160, 2, NULL, NULL, '2022-01-26', NULL, '2022-01-26', 'BYDEV', '2022-01-26', 'BYDEV', 'D', 'N');
INSERT INTO thr_object_category_sections (object_cat_sec_id, object_category_id, object_section_id, note, order_seq, valid_from, valid_to, creation_date, created_by, last_update_date, last_updated_by, status, mandatory) VALUES (123, 160, 3, NULL, NULL, '2022-01-26', NULL, '2022-01-26', 'BYDEV', '2022-01-26', 'BYDEV', 'D', 'N');
INSERT INTO thr_object_category_sections (object_cat_sec_id, object_category_id, object_section_id, note, order_seq, valid_from, valid_to, creation_date, created_by, last_update_date, last_updated_by, status, mandatory) VALUES (124, 160, 4, NULL, NULL, '2022-01-26', NULL, '2022-01-26', 'BYDEV', '2022-01-26', 'BYDEV', 'D', 'N');
INSERT INTO thr_object_category_sections (object_cat_sec_id, object_category_id, object_section_id, note, order_seq, valid_from, valid_to, creation_date, created_by, last_update_date, last_updated_by, status, mandatory) VALUES (125, 160, 5, NULL, NULL, '2022-01-26', NULL, '2022-01-26', 'BYDEV', '2022-01-26', 'BYDEV', 'D', 'N');
INSERT INTO thr_object_category_sections (object_cat_sec_id, object_category_id, object_section_id, note, order_seq, valid_from, valid_to, creation_date, created_by, last_update_date, last_updated_by, status, mandatory) VALUES (126, 160, 6, NULL, NULL, '2022-01-26', NULL, '2022-01-26', 'BYDEV', '2022-01-26', 'BYDEV', 'D', 'N');
INSERT INTO thr_object_category_sections (object_cat_sec_id, object_category_id, object_section_id, note, order_seq, valid_from, valid_to, creation_date, created_by, last_update_date, last_updated_by, status, mandatory) VALUES (127, 160, 7, NULL, NULL, '2022-01-26', NULL, '2022-01-26', 'BYDEV', '2022-01-26', 'BYDEV', 'D', 'N');
INSERT INTO thr_object_category_sections (object_cat_sec_id, object_category_id, object_section_id, note, order_seq, valid_from, valid_to, creation_date, created_by, last_update_date, last_updated_by, status, mandatory) VALUES (128, 160, 8, NULL, NULL, '2022-01-26', NULL, '2022-01-26', 'BYDEV', '2022-01-26', 'BYDEV', 'D', 'N');
INSERT INTO thr_object_category_sections (object_cat_sec_id, object_category_id, object_section_id, note, order_seq, valid_from, valid_to, creation_date, created_by, last_update_date, last_updated_by, status, mandatory) VALUES (129, 160, 9, NULL, NULL, '2022-01-26', NULL, '2022-01-26', 'BYDEV', '2022-01-26', 'BYDEV', 'D', 'N');
INSERT INTO thr_object_category_sections (object_cat_sec_id, object_category_id, object_section_id, note, order_seq, valid_from, valid_to, creation_date, created_by, last_update_date, last_updated_by, status, mandatory) VALUES (130, 160, 10, NULL, NULL, '2022-01-26', NULL, '2022-01-26', 'BYDEV', '2022-01-26', 'BYDEV', 'D', 'N');
INSERT INTO thr_object_category_sections (object_cat_sec_id, object_category_id, object_section_id, note, order_seq, valid_from, valid_to, creation_date, created_by, last_update_date, last_updated_by, status, mandatory) VALUES (131, 160, 11, NULL, NULL, '2022-01-26', NULL, '2022-01-26', 'BYDEV', '2022-01-26', 'BYDEV', 'D', 'N');
INSERT INTO thr_object_category_sections (object_cat_sec_id, object_category_id, object_section_id, note, order_seq, valid_from, valid_to, creation_date, created_by, last_update_date, last_updated_by, status, mandatory) VALUES (132, 160, 12, NULL, NULL, '2022-01-26', NULL, '2022-01-26', 'BYDEV', '2022-01-26', 'BYDEV', 'D', 'N');
INSERT INTO thr_object_category_sections (object_cat_sec_id, object_category_id, object_section_id, note, order_seq, valid_from, valid_to, creation_date, created_by, last_update_date, last_updated_by, status, mandatory) VALUES (133, 160, 13, NULL, NULL, '2022-01-26', NULL, '2022-01-26', 'BYDEV', '2022-01-26', 'BYDEV', 'D', 'N');
INSERT INTO thr_object_category_sections (object_cat_sec_id, object_category_id, object_section_id, note, order_seq, valid_from, valid_to, creation_date, created_by, last_update_date, last_updated_by, status, mandatory) VALUES (134, 160, 14, NULL, NULL, '2022-01-26', NULL, '2022-01-26', 'BYDEV', '2022-01-26', 'BYDEV', 'D', 'N');
INSERT INTO thr_object_category_sections (object_cat_sec_id, object_category_id, object_section_id, note, order_seq, valid_from, valid_to, creation_date, created_by, last_update_date, last_updated_by, status, mandatory) VALUES (135, 160, 15, NULL, NULL, '2022-01-26', NULL, '2022-01-26', 'BYDEV', '2022-01-26', 'BYDEV', 'D', 'N');
INSERT INTO thr_object_category_sections (object_cat_sec_id, object_category_id, object_section_id, note, order_seq, valid_from, valid_to, creation_date, created_by, last_update_date, last_updated_by, status, mandatory) VALUES (136, 160, 16, NULL, NULL, '2022-01-26', NULL, '2022-01-26', 'BYDEV', '2022-01-26', 'BYDEV', 'D', 'N');
INSERT INTO thr_object_category_sections (object_cat_sec_id, object_category_id, object_section_id, note, order_seq, valid_from, valid_to, creation_date, created_by, last_update_date, last_updated_by, status, mandatory) VALUES (137, 160, 17, NULL, NULL, '2022-01-26', NULL, '2022-01-26', 'BYDEV', '2022-01-26', 'BYDEV', 'D', 'N');
INSERT INTO thr_object_category_sections (object_cat_sec_id, object_category_id, object_section_id, note, order_seq, valid_from, valid_to, creation_date, created_by, last_update_date, last_updated_by, status, mandatory) VALUES (138, 160, 18, NULL, NULL, '2022-01-26', NULL, '2022-01-26', 'BYDEV', '2022-01-26', 'BYDEV', 'D', 'N');
INSERT INTO thr_object_category_sections (object_cat_sec_id, object_category_id, object_section_id, note, order_seq, valid_from, valid_to, creation_date, created_by, last_update_date, last_updated_by, status, mandatory) VALUES (139, 160, 19, NULL, NULL, '2022-01-26', NULL, '2022-01-26', 'BYDEV', '2022-01-26', 'BYDEV', 'D', 'N');
INSERT INTO thr_object_category_sections (object_cat_sec_id, object_category_id, object_section_id, note, order_seq, valid_from, valid_to, creation_date, created_by, last_update_date, last_updated_by, status, mandatory) VALUES (140, 160, 20, NULL, NULL, '2022-01-26', NULL, '2022-01-26', 'BYDEV', '2022-01-26', 'BYDEV', 'D', 'N');
INSERT INTO thr_object_category_sections (object_cat_sec_id, object_category_id, object_section_id, note, order_seq, valid_from, valid_to, creation_date, created_by, last_update_date, last_updated_by, status, mandatory) VALUES (141, 160, 21, NULL, NULL, '2022-01-26', NULL, '2022-01-26', 'BYDEV', '2022-01-26', 'BYDEV', 'D', 'N');
INSERT INTO thr_object_category_sections (object_cat_sec_id, object_category_id, object_section_id, note, order_seq, valid_from, valid_to, creation_date, created_by, last_update_date, last_updated_by, status, mandatory) VALUES (142, 160, 22, NULL, NULL, '2022-01-26', NULL, '2022-01-26', 'BYDEV', '2022-01-26', 'BYDEV', 'D', 'N');
INSERT INTO thr_object_category_sections (object_cat_sec_id, object_category_id, object_section_id, note, order_seq, valid_from, valid_to, creation_date, created_by, last_update_date, last_updated_by, status, mandatory) VALUES (143, 160, 23, NULL, NULL, '2022-01-26', NULL, '2022-01-26', 'BYDEV', '2022-01-26', 'BYDEV', 'D', 'N');
INSERT INTO thr_object_category_sections (object_cat_sec_id, object_category_id, object_section_id, note, order_seq, valid_from, valid_to, creation_date, created_by, last_update_date, last_updated_by, status, mandatory) VALUES (144, 160, 24, NULL, NULL, '2022-01-26', NULL, '2022-01-26', 'BYDEV', '2022-01-26', 'BYDEV', 'D', 'N');
INSERT INTO thr_object_category_sections (object_cat_sec_id, object_category_id, object_section_id, note, order_seq, valid_from, valid_to, creation_date, created_by, last_update_date, last_updated_by, status, mandatory) VALUES (145, 160, 25, NULL, NULL, '2022-01-26', NULL, '2022-01-26', 'BYDEV', '2022-01-26', 'BYDEV', 'D', 'N');
INSERT INTO thr_object_category_sections (object_cat_sec_id, object_category_id, object_section_id, note, order_seq, valid_from, valid_to, creation_date, created_by, last_update_date, last_updated_by, status, mandatory) VALUES (146, 160, 26, NULL, NULL, '2022-01-26', NULL, '2022-01-26', 'BYDEV', '2022-01-26', 'BYDEV', 'D', 'N');
INSERT INTO thr_object_category_sections (object_cat_sec_id, object_category_id, object_section_id, note, order_seq, valid_from, valid_to, creation_date, created_by, last_update_date, last_updated_by, status, mandatory) VALUES (147, 40, 3, NULL, NULL, '2022-01-26', NULL, '2022-01-26', 'BYDEV', '2022-01-26', 'BYDEV', 'D', 'N');
INSERT INTO thr_object_category_sections (object_cat_sec_id, object_category_id, object_section_id, note, order_seq, valid_from, valid_to, creation_date, created_by, last_update_date, last_updated_by, status, mandatory) VALUES (148, 40, 6, NULL, NULL, '2022-01-26', NULL, '2022-01-26', 'BYDEV', '2022-01-26', 'BYDEV', 'D', 'N');
INSERT INTO thr_object_category_sections (object_cat_sec_id, object_category_id, object_section_id, note, order_seq, valid_from, valid_to, creation_date, created_by, last_update_date, last_updated_by, status, mandatory) VALUES (149, 40, 8, NULL, NULL, '2022-01-26', NULL, '2022-01-26', 'BYDEV', '2022-01-26', 'BYDEV', 'D', 'N');
INSERT INTO thr_object_category_sections (object_cat_sec_id, object_category_id, object_section_id, note, order_seq, valid_from, valid_to, creation_date, created_by, last_update_date, last_updated_by, status, mandatory) VALUES (150, 40, 9, NULL, NULL, '2022-01-26', NULL, '2022-01-26', 'BYDEV', '2022-01-26', 'BYDEV', 'D', 'N');
INSERT INTO thr_object_category_sections (object_cat_sec_id, object_category_id, object_section_id, note, order_seq, valid_from, valid_to, creation_date, created_by, last_update_date, last_updated_by, status, mandatory) VALUES (151, 40, 10, NULL, NULL, '2022-01-26', NULL, '2022-01-26', 'BYDEV', '2022-01-26', 'BYDEV', 'D', 'N');
INSERT INTO thr_object_category_sections (object_cat_sec_id, object_category_id, object_section_id, note, order_seq, valid_from, valid_to, creation_date, created_by, last_update_date, last_updated_by, status, mandatory) VALUES (152, 40, 14, NULL, NULL, '2022-01-26', NULL, '2022-01-26', 'BYDEV', '2022-01-26', 'BYDEV', 'D', 'N');
INSERT INTO thr_object_category_sections (object_cat_sec_id, object_category_id, object_section_id, note, order_seq, valid_from, valid_to, creation_date, created_by, last_update_date, last_updated_by, status, mandatory) VALUES (153, 40, 15, NULL, NULL, '2022-01-26', NULL, '2022-01-26', 'BYDEV', '2022-01-26', 'BYDEV', 'D', 'N');
INSERT INTO thr_object_category_sections (object_cat_sec_id, object_category_id, object_section_id, note, order_seq, valid_from, valid_to, creation_date, created_by, last_update_date, last_updated_by, status, mandatory) VALUES (154, 40, 20, NULL, NULL, '2022-01-26', NULL, '2022-01-26', 'BYDEV', '2022-01-26', 'BYDEV', 'D', 'N');
INSERT INTO thr_object_category_sections (object_cat_sec_id, object_category_id, object_section_id, note, order_seq, valid_from, valid_to, creation_date, created_by, last_update_date, last_updated_by, status, mandatory) VALUES (155, 40, 21, NULL, NULL, '2022-01-26', NULL, '2022-01-26', 'BYDEV', '2022-01-26', 'BYDEV', 'D', 'N');
INSERT INTO thr_object_category_sections (object_cat_sec_id, object_category_id, object_section_id, note, order_seq, valid_from, valid_to, creation_date, created_by, last_update_date, last_updated_by, status, mandatory) VALUES (156, 40, 22, NULL, NULL, '2022-01-26', NULL, '2022-01-26', 'BYDEV', '2022-01-26', 'BYDEV', 'D', 'N');
INSERT INTO thr_object_category_sections (object_cat_sec_id, object_category_id, object_section_id, note, order_seq, valid_from, valid_to, creation_date, created_by, last_update_date, last_updated_by, status, mandatory) VALUES (157, 40, 24, NULL, NULL, '2022-01-26', NULL, '2022-01-26', 'BYDEV', '2022-01-26', 'BYDEV', 'D', 'N');
INSERT INTO thr_object_category_sections (object_cat_sec_id, object_category_id, object_section_id, note, order_seq, valid_from, valid_to, creation_date, created_by, last_update_date, last_updated_by, status, mandatory) VALUES (158, 40, 25, NULL, NULL, '2022-01-26', NULL, '2022-01-26', 'BYDEV', '2022-01-26', 'BYDEV', 'D', 'N');
INSERT INTO thr_object_category_sections (object_cat_sec_id, object_category_id, object_section_id, note, order_seq, valid_from, valid_to, creation_date, created_by, last_update_date, last_updated_by, status, mandatory) VALUES (159, 40, 26, NULL, NULL, '2022-01-26', NULL, '2022-01-26', 'BYDEV', '2022-01-26', 'BYDEV', 'D', 'N');
INSERT INTO thr_object_category_sections (object_cat_sec_id, object_category_id, object_section_id, note, order_seq, valid_from, valid_to, creation_date, created_by, last_update_date, last_updated_by, status, mandatory) VALUES (160, 40, 27, NULL, NULL, '2022-01-26', NULL, '2022-01-26', 'BYDEV', '2022-01-26', 'BYDEV', 'D', 'N');
INSERT INTO thr_object_category_sections (object_cat_sec_id, object_category_id, object_section_id, note, order_seq, valid_from, valid_to, creation_date, created_by, last_update_date, last_updated_by, status, mandatory) VALUES (161, 40, 28, NULL, NULL, '2022-01-26', NULL, '2022-01-26', 'BYDEV', '2022-01-26', 'BYDEV', 'D', 'N');
INSERT INTO thr_object_category_sections (object_cat_sec_id, object_category_id, object_section_id, note, order_seq, valid_from, valid_to, creation_date, created_by, last_update_date, last_updated_by, status, mandatory) VALUES (162, 40, 29, NULL, NULL, '2022-01-26', NULL, '2022-01-26', 'BYDEV', '2022-01-26', 'BYDEV', 'D', 'N');
INSERT INTO thr_object_category_sections (object_cat_sec_id, object_category_id, object_section_id, note, order_seq, valid_from, valid_to, creation_date, created_by, last_update_date, last_updated_by, status, mandatory) VALUES (163, 40, 30, NULL, NULL, '2022-01-26', NULL, '2022-01-26', 'BYDEV', '2022-01-26', 'BYDEV', 'D', 'N');
INSERT INTO thr_object_category_sections (object_cat_sec_id, object_category_id, object_section_id, note, order_seq, valid_from, valid_to, creation_date, created_by, last_update_date, last_updated_by, status, mandatory) VALUES (164, 40, 31, NULL, NULL, '2022-01-26', NULL, '2022-01-26', 'BYDEV', '2022-01-26', 'BYDEV', 'D', 'N');
INSERT INTO thr_object_category_sections (object_cat_sec_id, object_category_id, object_section_id, note, order_seq, valid_from, valid_to, creation_date, created_by, last_update_date, last_updated_by, status, mandatory) VALUES (165, 40, 32, NULL, NULL, '2022-01-26', NULL, '2022-01-26', 'BYDEV', '2022-01-26', 'BYDEV', 'D', 'N');
INSERT INTO thr_object_category_sections (object_cat_sec_id, object_category_id, object_section_id, note, order_seq, valid_from, valid_to, creation_date, created_by, last_update_date, last_updated_by, status, mandatory) VALUES (168, 40, 35, NULL, NULL, '2022-01-26', NULL, '2022-01-26', 'BYDEV', '2022-01-26', 'BYDEV', 'D', 'N');
INSERT INTO thr_object_category_sections (object_cat_sec_id, object_category_id, object_section_id, note, order_seq, valid_from, valid_to, creation_date, created_by, last_update_date, last_updated_by, status, mandatory) VALUES (169, 40, 36, NULL, NULL, '2022-01-26', NULL, '2022-01-26', 'BYDEV', '2022-01-26', 'BYDEV', 'D', 'N');
INSERT INTO thr_object_category_sections (object_cat_sec_id, object_category_id, object_section_id, note, order_seq, valid_from, valid_to, creation_date, created_by, last_update_date, last_updated_by, status, mandatory) VALUES (170, 40, 37, NULL, NULL, '2022-01-26', NULL, '2022-01-26', 'BYDEV', '2022-01-26', 'BYDEV', 'D', 'N');
INSERT INTO thr_object_category_sections (object_cat_sec_id, object_category_id, object_section_id, note, order_seq, valid_from, valid_to, creation_date, created_by, last_update_date, last_updated_by, status, mandatory) VALUES (171, 40, 38, NULL, NULL, '2022-01-26', NULL, '2022-01-26', 'BYDEV', '2022-01-26', 'BYDEV', 'D', 'N');
INSERT INTO thr_object_category_sections (object_cat_sec_id, object_category_id, object_section_id, note, order_seq, valid_from, valid_to, creation_date, created_by, last_update_date, last_updated_by, status, mandatory) VALUES (172, 40, 12, NULL, NULL, '2022-01-26', NULL, '2022-01-26', 'BYDEV', '2022-01-26', 'BYDEV', 'D', 'N');
INSERT INTO thr_object_category_sections (object_cat_sec_id, object_category_id, object_section_id, note, order_seq, valid_from, valid_to, creation_date, created_by, last_update_date, last_updated_by, status, mandatory) VALUES (167, 40, 4, NULL, NULL, '2022-01-26', NULL, '2022-01-26', 'BYDEV', '2022-01-26', 'BYDEV', 'D', 'N');
INSERT INTO thr_object_category_sections (object_cat_sec_id, object_category_id, object_section_id, note, order_seq, valid_from, valid_to, creation_date, created_by, last_update_date, last_updated_by, status, mandatory) VALUES (166, 40, 11, NULL, NULL, '2022-01-26', NULL, '2022-01-26', 'BYDEV', '2022-01-26', 'BYDEV', 'D', 'N');


INSERT INTO thr_object_group(
object_group_id,
object_group_code,
object_category_id,
organization_code,
--note,
valid_from,
--valid_to,
creation_date,
created_by,
last_update_date,
last_updated_by,
status)
VALUES (14, 14, 150, 'urn:oid:2.16.112.1.18.5.1.1.6.1.3', '2022-01-20', '2022-01-20', 'BYDEV', '2022-01-20', 'BYDEV', 'D');

INSERT INTO thr_object_group(
object_group_id,
object_group_code,
object_category_id,
organization_code,
--note,
valid_from,
--valid_to,
creation_date,
created_by,
last_update_date,
last_updated_by,
status)
VALUES (15, 15, 170, 'urn:oid:2.16.112.1.18.5.1.1.6.1.3', '2022-01-20', '2022-01-20', 'BYDEV', '2022-01-20', 'BYDEV', 'D');

INSERT INTO thr_object_group(
object_group_id,
object_group_code,
object_category_id,
organization_code,
--note,
valid_from,
--valid_to,
creation_date,
created_by,
last_update_date,
last_updated_by,
status)
VALUES (16, 16, 180, 'urn:oid:2.16.112.1.18.5.1.1.6.1.3', '2022-01-20', '2022-01-20', 'BYDEV', '2022-01-20', 'BYDEV', 'D');

INSERT INTO thr_object_group(
object_group_id,
object_group_code,
object_category_id,
organization_code,
--note,
valid_from,
--valid_to,
creation_date,
created_by,
last_update_date,
last_updated_by,
status)
VALUES (17, 17, 120, 'urn:oid:2.16.112.1.18.5.1.1.6.1.3', '2022-01-20', '2022-01-20', 'BYDEV', '2022-01-20', 'BYDEV', 'D');

----------------------------------------------


INSERT INTO thr_object_group(
    object_group_id,
    object_group_code,
    object_category_id,
    organization_code,
    --note,
    valid_from,
    --valid_to,
    creation_date,
    created_by,
    last_update_date,
    last_updated_by,
    status)
    VALUES (18, 18, 190, 'urn:oid:2.16.112.1.18.5.1.1.6.1.3', '2022-01-20', '2022-01-20', 'BYDEV', '2022-01-20', 'BYDEV', 'D');






--------------------------

INSERT INTO thr_object_category_type_l(
	id, category_type_id, category_type_name, language_id, note,
	creation_date, created_by, last_update_date, last_updated_by, status)
	VALUES (1, 1, 'Menu Category', 'en', null,
			'2022-02-04', 'BYDEV', '2022-02-04', 'BYDEV', 'D');

INSERT INTO thr_object_category_type_l(
	id, category_type_id, category_type_name, language_id, note,
	creation_date, created_by, last_update_date, last_updated_by, status)
	VALUES (2, 1, 'Меню категорий', 'ru', null,
			'2022-02-04', 'BYDEV', '2022-02-04', 'BYDEV', 'D');

INSERT INTO thr_object_category_type_l(
	id, category_type_id, category_type_name, language_id, note,
	creation_date, created_by, last_update_date, last_updated_by, status)
	VALUES (3, 2, 'Regular Category', 'en', null,
			'2022-02-04', 'BYDEV', '2022-02-04', 'BYDEV', 'D');

INSERT INTO thr_object_category_type_l(
	id, category_type_id, category_type_name, language_id, note,
	creation_date, created_by, last_update_date, last_updated_by, status)
	VALUES (4, 2, 'Обычная категория', 'ru', null,
			'2022-02-04', 'BYDEV', '2022-02-04', 'BYDEV', 'D');

INSERT INTO thr_object_category_type_l(
	id, category_type_id, category_type_name, language_id, note,
	creation_date, created_by, last_update_date, last_updated_by, status)
	VALUES (5, 3, 'LOV Category', 'en', null,
			'2022-02-04', 'BYDEV', '2022-02-04', 'BYDEV', 'D');

INSERT INTO thr_object_category_type_l(
	id, category_type_id, category_type_name, language_id, note,
	creation_date, created_by, last_update_date, last_updated_by, status)
	VALUES (6, 3, 'Категория ЛOВ', 'ru', null,
			'2022-02-04', 'BYDEV', '2022-02-04', 'BYDEV', 'D');

-----------------------------------------------------------------------------

INSERT INTO THR_OBJECT_EVENTS_CATEGORY_L(
	id, event_category_id, event_category_name, language_id, note,
	creation_date, created_by, last_update_date, last_updated_by, status)
	VALUES (1, 1, 'Navigational event', 'en', null,
			'2022-02-04', 'BYDEV', '2022-02-04', 'BYDEV', 'D');

INSERT INTO THR_OBJECT_EVENTS_CATEGORY_L(
	id, event_category_id, event_category_name, language_id, note,
	creation_date, created_by, last_update_date, last_updated_by, status)
	VALUES (2, 1, 'Навигационное событие', 'ru', null,
			'2022-02-04', 'BYDEV', '2022-02-04', 'BYDEV', 'D');

INSERT INTO THR_OBJECT_EVENTS_CATEGORY_L(
	id, event_category_id, event_category_name, language_id, note,
	creation_date, created_by, last_update_date, last_updated_by, status)
	VALUES (3, 2, 'Processing event', 'en', null,
			'2022-02-04', 'BYDEV', '2022-02-04', 'BYDEV', 'D');

INSERT INTO THR_OBJECT_EVENTS_CATEGORY_L(
	id, event_category_id, event_category_name, language_id, note,
	creation_date, created_by, last_update_date, last_updated_by, status)
	VALUES (4, 2, 'Событие обработки', 'ru', null,
			'2022-02-04', 'BYDEV', '2022-02-04', 'BYDEV', 'D');




